gene_id,symbol,log2FoldChange_for_signature,padj,direction
ENSG00000116251.9,RPL22,0.5226249064538547,2.9284748738538434e-5,up
ENSG00000116285.12,ERRFI1,-0.872113878021003,8.405665510119773e-4,down
ENSG00000162496.8,DHRS3,-0.7914506171449869,1.0971860082860698e-5,down
ENSG00000237301.1,RP4-680D5.2,2.309754306764496,0.017411759578017386,up
ENSG00000162458.12,FBLIM1,-0.7245475015386839,0.03588338228824702,down
ENSG00000219481.10,NBPF1,-0.9346198996117291,6.514384006816393e-4,down
ENSG00000159363.17,ATP13A2,-0.6698392101056272,0.019314773851915816,down
ENSG00000169991.10,IFFO2,-0.7782668261056727,0.010042998323674855,down
ENSG00000053372.4,MRTO4,0.7023822611743692,1.6560724393590063e-9,up
ENSG00000270136.5,MINOS1-NBL1,1.0064471994795068,6.407406746889645e-5,up
ENSG00000162545.5,CAMK2N1,-0.7936912419939103,0.018402460998176298,down
ENSG00000187952.9,HS6ST1P1,-0.6234998856925249,0.10816417342013832,down
ENSG00000076864.19,RAP1GAP,-0.6585330370576178,0.06761781521879244,down
ENSG00000117318.8,ID3,-0.8601573221107176,0.0027400114531573403,down
ENSG00000189266.11,PNRC2,0.9631844465403434,1.2589032855253265e-6,up
ENSG00000169504.14,CLIC4,-0.8074450322742251,6.789671948672164e-4,down
ENSG00000117632.22,STMN1,0.6056912245163649,4.617859755349101e-9,up
ENSG00000198830.10,HMGN2,1.009772771708127,5.240604789595383e-7,up
ENSG00000090020.10,SLC9A1,-0.5381239404248462,0.019072391636022295,down
ENSG00000142765.17,SYTL1,-0.5019584570071969,0.16561454725426472,down
ENSG00000130766.4,SESN2,-1.2575743792229381,4.5271768961586186e-5,down
ENSG00000134668.12,SPOCD1,-1.066145088649014,0.07075351711634142,down
ENSG00000092853.13,CLSPN,0.746378953213799,0.002979227166879589,up
ENSG00000116863.10,ADPRHL2,0.645866906991453,0.017559639531660943,up
ENSG00000134690.10,CDCA8,1.0206333558887832,4.882007437923455e-5,up
ENSG00000049089.13,COL9A2,-0.6610050384814198,0.1160394050960319,down
ENSG00000117394.20,SLC2A1,0.6976710100203417,1.1270930923630771e-5,up
ENSG00000142945.12,KIF2C,0.5420970335575737,0.034670724480279545,up
ENSG00000236872.1,RP11-291L19.1,2.6561831198583965,0.007329283478383914,up
ENSG00000132780.16,NASP,0.8821957317382446,1.3231756025249058e-10,up
ENSG00000085999.11,RAD54L,0.6893900810858471,0.051587379624478256,up
ENSG00000162368.13,CMPK1,0.5108802913975823,0.004423797320680214,up
ENSG00000117862.11,TXNDC12,0.5904361814788036,4.870954037839326e-4,up
ENSG00000154222.14,CC2D1B,-0.6882646211215093,0.09140565036398383,down
ENSG00000157193.15,LRP8,-0.6623363422617374,0.01699934099262535,down
ENSG00000162390.17,ACOT11,-1.397012837134369,0.038697915600937396,down
ENSG00000243725.6,TTC4,0.643056757759784,0.02979205699994649,up
ENSG00000234496.2,MRPS21P1,-0.8319554704101213,1.523603822569006e-4,down
ENSG00000116717.11,GADD45A,-1.0617196799406428,0.029608206259575113,down
ENSG00000024526.16,DEPDC1,0.5564220532153707,0.1017368304411016,up
ENSG00000142871.16,CYR61,0.5475202238934206,0.028375618836142428,up
ENSG00000171492.14,LRRC8D,-0.5762864615872221,0.03754646703997882,down
ENSG00000023909.9,GCLM,-0.5910481185171408,0.06447494535610501,down
ENSG00000244716.3,RP11-20O24.4,0.5023012181265396,0.013042662229779333,up
ENSG00000116299.16,KIAA1324,0.5198312481658119,0.15489631132808074,up
ENSG00000031698.12,SARS,-0.787918434456627,2.8432756428960072e-8,down
ENSG00000134222.16,PSRC1,0.5458511455336298,0.02917255914220058,up
ENSG00000184371.13,CSF1,-0.9592413048528818,0.010188592965562985,down
ENSG00000118655.4,DCLRE1B,0.5103305061130926,0.00541180511981873,up
ENSG00000143061.17,IGSF3,0.542269482174297,1.2152588732075035e-4,up
ENSG00000092621.11,PHGDH,-1.5674408522093033,4.57119065966107e-51,down
ENSG00000171943.11,SRGAP2C,-1.3425473088235995,0.05819826329034287,down
ENSG00000273213.1,RP5-998N21.10,-0.541227598248978,0.12365404081402565,down
ENSG00000276216.1,CH17-373J23.1,-0.8037841948082115,0.06510039978916077,down
ENSG00000265972.5,TXNIP,1.74124611640365,1.9534766832577366e-10,up
ENSG00000244211.3,PDZK1P1,1.9543886908838708,0.01205235899425698,up
ENSG00000270882.2,HIST2H4A,0.6299588671067398,6.693040465067486e-11,up
ENSG00000203811.1,HIST2H3C,0.6433345929682449,9.149540142161995e-8,up
ENSG00000203812.2,HIST2H2AA3,0.6859588468807665,5.361337534895312e-10,up
ENSG00000143401.14,ANP32E,0.8529413009274829,7.040051167120044e-10,up
ENSG00000159208.15,CIART,-0.6625096618444937,0.08153565310935688,down
ENSG00000143416.20,SELENBP1,0.5040810029307322,0.15661196569590566,up
ENSG00000159445.12,THEM4,-0.7284742260908053,0.0446966904889254,down
ENSG00000189334.8,S100A14,-0.6702128039319639,1.659656154949986e-5,down
ENSG00000189171.14,S100A13,0.5750397346938236,4.088955147004106e-6,up
ENSG00000143554.13,SLC27A3,0.5371530387950904,0.03157806786677651,up
ENSG00000179085.7,DPM3,-0.6179303299779694,0.004703793969162083,down
ENSG00000185499.16,MUC1,-1.119536393722139,0.0012344182781720136,down
ENSG00000160766.14,GBAP1,-0.6308430716371534,0.09460096745720022,down
ENSG00000116584.17,ARHGEF2,-0.8012997118054921,0.013298605959119534,down
ENSG00000160783.19,PMF1,0.7221478908359042,8.836189080809611e-5,up
ENSG00000198715.11,GLMP,-0.7060583405488855,0.10298078836264737,down
ENSG00000163468.14,CCT3,0.5053073792926084,2.76677252445567e-8,up
ENSG00000143321.18,HDGF,0.5133619437421175,1.2424165123829474e-5,up
ENSG00000235082.2,SUMO1P3,-9.732665197345355,2.082271249303263e-9,down
ENSG00000132196.13,HSD17B7,-1.0268029019008844,0.04009017509065319,down
ENSG00000197965.11,MPZL1,-0.5863925328358193,0.004703793969162083,down
ENSG00000143153.12,ATP1B1,0.5286325140236051,2.251162772331842e-5,up
ENSG00000234604.2,RP1-206D15.5,-0.6551421159579685,0.08153565310935688,down
ENSG00000135835.11,KIAA1614,-1.5437802277466974,0.026579452711198666,down
ENSG00000135821.17,GLUL,0.7782493406782925,4.14325554535749e-6,up
ENSG00000198860.11,TSEN15,-0.6437721716996172,0.0011643199816824892,down
ENSG00000233410.1,LINC01222,-0.8006593114746907,0.09595819747655858,down
ENSG00000118193.11,KIF14,0.6616547490740291,0.007031779432625091,up
ENSG00000223396.2,RP11-134G8.5,-1.667041888836303,1.0882114472862154e-5,down
ENSG00000163435.15,ELF3,-0.7583401162766313,2.53668896786307e-11,down
ENSG00000159388.5,BTG2,-0.5648060946732152,0.1392959915354564,down
ENSG00000117280.12,RAB29,-0.603584636124389,0.03315909818130763,down
ENSG00000123836.14,PFKFB2,-0.5812456164202398,0.028375618836142428,down
ENSG00000196352.14,CD55,-1.0218672866899616,1.7681534016557402e-10,down
ENSG00000082512.14,TRAF5,1.5187378235534505,0.01659945241971416,up
ENSG00000117650.12,NEK2,0.8198897823316367,9.564062313019192e-4,up
ENSG00000143476.17,DTL,0.5134986400791813,0.07001900594994762,up
ENSG00000162772.16,ATF3,-0.8643258219534866,0.04293594960074354,down
ENSG00000228247.1,UBBP2,1.2342627112765185,0.004464082867296622,up
ENSG00000092969.11,TGFB2,1.5433610864081417,6.910902622152974e-9,up
ENSG00000136628.17,EPRS,-0.6035514224368557,0.0016439525403255642,down
ENSG00000143753.12,DEGS1,0.9052041737655931,9.643056514545852e-4,up
ENSG00000135763.9,URB2,0.5123981372507054,0.022438573948274487,up
ENSG00000168264.10,IRF2BP2,-0.5700623366890579,0.0017081420755340993,down
ENSG00000151353.14,TMEM18,0.5513476535950854,0.00554564847925139,up
ENSG00000134308.13,YWHAQ,0.5250561122893604,1.0974884401357432e-6,up
ENSG00000171848.13,RRM2,0.9598796934684558,3.194879352173635e-16,up
ENSG00000115241.10,PPM1G,0.5927105632256455,6.992415704686059e-6,up
ENSG00000223951.1,AL133244.1,8.064184620523909,1.9062055732570237e-6,up
ENSG00000138061.11,CYP1B1,-4.218848680137852,8.570031754312298e-110,down
ENSG00000115875.18,SRSF7,0.655320011389051,6.171692857551132e-8,up
ENSG00000115306.15,SPTBN1,-1.052589962679634,2.468031897636322e-6,down
ENSG00000143947.13,RPS27A,0.6895610480798253,3.217111444933818e-5,up
ENSG00000115380.19,EFEMP1,0.8173024934972202,0.02530447747256357,up
ENSG00000115902.10,SLC1A4,-0.5785471995350856,0.13476785879388722,down
ENSG00000239779.6,WBP1,-0.5270434844406785,0.1017368304411016,down
ENSG00000159399.9,HK2,-1.1362942093484976,6.476093498851482e-14,down
ENSG00000270532.1,PEBP1P2,0.9839140942163707,1.0250645084195669e-5,up
ENSG00000225933.1,AC133965.1,13.044664134381843,3.353997725628463e-10,up
ENSG00000283196.1,RP4-614C10.2,-0.9528674651685901,0.04463921933955075,down
ENSG00000272913.1,RP11-440D17.3,-2.0392346219047486,0.0014610580081103354,down
ENSG00000121152.9,NCAPH,0.7062702155622261,0.005051969846825769,up
ENSG00000231822.1,AC019097.7,0.9877619329490751,0.07578787145091773,up
ENSG00000115641.18,FHL2,-0.5132031547490861,0.16126194345561295,down
ENSG00000282304.1,RP11-1223D19.3,-0.9051023621648976,6.333978446413976e-4,down
ENSG00000230596.3,GPAA1P2,1.0244545255608835,0.08543308403704473,up
ENSG00000153093.18,ACOXL,-0.5537412886493627,0.14776770731838082,down
ENSG00000125611.15,CHCHD5,-1.0294114806886414,0.0022734332100262473,down
ENSG00000136682.14,CBWD2,0.82330530323723,0.0013117402565299525,up
ENSG00000125629.14,INSIG2,-0.5336753122267617,0.08153208246423495,down
ENSG00000235640.1,AC092646.1,0.7000182799102713,0.11835693825301298,up
ENSG00000163161.12,ERCC3,0.633803568885057,0.002964537575686968,up
ENSG00000144231.10,POLR2D,0.5482185166279187,0.014068424856997226,up
ENSG00000173272.15,MZT2A,-0.7401575433561134,0.0026708554106915482,down
ENSG00000115919.14,KYNU,1.1548833133379917,4.697946197901549e-15,up
ENSG00000198526.7,PABPC1P2,-1.4678665343945942,0.0135860585077643,down
ENSG00000162989.4,KCNJ3,0.9429711125667521,0.058732955812777446,up
ENSG00000227682.2,ATP5A1P2,1.1514353018071826,0.01667011827522889,up
ENSG00000230562.3,FAM133DP,0.70156988798734,0.0027080597059763044,up
ENSG00000152253.8,SPC25,0.9841264006487219,1.2410396010435984e-4,up
ENSG00000144369.12,FAM171B,-0.5497524209365011,0.14169157251621378,down
ENSG00000115541.10,HSPE1,0.6371681751310422,3.5800471187782032e-9,up
ENSG00000138356.13,AOX1,1.617341349933594,2.6557954248135167e-4,up
ENSG00000155760.2,FZD7,-0.6018975536230357,0.13243917612145256,down
ENSG00000116030.16,SUMO1,0.6373138817111296,0.01779057381145517,up
ENSG00000264275.1,RN7SL753P,6.715415093010288,0.002030640673707974,up
ENSG00000138413.13,IDH1,-1.0987391227705428,1.2910178657679353e-16,down
ENSG00000115461.4,IGFBP5,1.6103052680696777,7.373307567123299e-23,up
ENSG00000123983.13,ACSL3,0.5245101142824113,0.005558827912668326,up
ENSG00000152056.16,AP1S3,0.641306361372989,0.055889307877923455,up
ENSG00000187514.16,PTMA,0.7385128389447533,2.3875780544501595e-7,up
ENSG00000167165.18,UGT1A6,-0.511040607460165,0.13881321409380878,down
ENSG00000130147.15,SH3BP4,-0.6041901415899612,0.08211513311172923,down
ENSG00000144476.5,ACKR3,0.5385362355093875,0.007282001964821289,up
ENSG00000134121.9,CHL1,-1.3397685664117387,0.039195201590595016,down
ENSG00000235338.1,DUSP5P2,2.4802549971642462,0.026174375626030685,up
ENSG00000241553.12,ARPC4,0.5526763817388533,2.9680552098017112e-6,up
ENSG00000186162.10,CIDECP,-1.3393691530622434,7.731915691394235e-4,down
ENSG00000132170.19,PPARG,-0.5672881377003189,0.026272163875818374,down
ENSG00000170860.3,LSM3,0.8760371833282556,1.1963433827929035e-29,up
ENSG00000129810.14,SGO1,0.851763384543533,0.012386412702839895,up
ENSG00000132967.9,HMGB1P5,0.8222582325985548,7.2121818473093126e-9,up
ENSG00000114812.12,VIPR1,-1.3219384660742766,0.03614148342466006,down
ENSG00000172053.17,QARS,0.5319525780588304,0.0024463801054303833,up
ENSG00000114779.19,ABHD14B,-0.6556191165992792,0.07727168368904767,down
ENSG00000162244.10,RPL29,-0.8367598715868976,0.0014666674527419917,down
ENSG00000023330.14,ALAS1,-0.755517342493702,0.0020792069102437295,down
ENSG00000163931.15,TKT,-0.5898763564088222,2.1291827505007208e-7,down
ENSG00000136068.14,FLNB,-1.2063253176013922,5.8862383564362986e-8,down
ENSG00000241884.2,RP11-85I21.1,2.020130284229465,0.03834336521456215,up
ENSG00000241506.1,PSMC1P1,1.312467030821538,2.5945654197798934e-8,up
ENSG00000163602.10,RYBP,0.5103256287547651,0.09812209076431933,up
ENSG00000163507.13,KIAA1524,0.5814590505731061,0.05324670362470711,up
ENSG00000121552.3,CSTA,1.0446824111589679,0.08542462446231364,up
ENSG00000189366.9,ALG1L,0.5878508203712614,0.001984107622639431,up
ENSG00000074416.13,MGLL,-1.1092758915446144,0.001602231384383674,down
ENSG00000163755.8,HPS3,0.6505629090614183,7.666126880834923e-5,up
ENSG00000244541.5,LINC01213,-1.2841617965430705,0.0348389556925788,down
ENSG00000196428.12,TSC22D2,-0.5926480996191481,0.0025806018088423152,down
ENSG00000271711.1,RP11-392O18.2,0.9507611325183953,0.029154604078045678,up
ENSG00000196549.10,MME,1.27356222008528,0.015095113039885255,up
ENSG00000114850.6,SSR3,0.5821375588681248,2.4678048232418334e-5,up
ENSG00000079257.7,LXN,-1.2147768560888008,1.4290139120558004e-14,down
ENSG00000248710.1,RP11-432B6.3,0.6934057255231647,0.03472328188296627,up
ENSG00000224426.1,SLC31A1P1,0.9020690612378333,0.014886536095511943,up
ENSG00000114796.15,KLHL24,-0.7255765024908568,0.02545257032671192,down
ENSG00000145012.13,LPP,-0.7838099152996538,0.04020502760352296,down
ENSG00000176945.16,MUC20,-1.2988819604478496,0.004772683301189843,down
ENSG00000272741.1,RP11-447L10.1,10.21341602172654,4.60711247743485e-11,up
ENSG00000213123.10,TCTEX1D2,-0.7056666313836301,0.024509069736941946,down
ENSG00000163964.14,PIGX,0.6969547018427469,0.0012158573067706485,up
ENSG00000186777.11,ZNF732,0.6018069209892314,0.1299402003819292,up
ENSG00000013810.18,TACC3,0.8815234002323226,3.863194693215865e-10,up
ENSG00000168924.14,LETM1,0.5104562520282969,7.321158062500013e-5,up
ENSG00000243449.6,C4orf48,-1.1714667388103803,4.7690973633084354e-4,down
ENSG00000163993.6,S100P,-1.448220730650355,2.5633042251019287e-43,down
ENSG00000249988.1,RP11-669M16.1,2.7598721933710593,0.03282228092896702,up
ENSG00000109805.9,NCAPG,0.9216200103657352,0.0014252870456170077,up
ENSG00000091490.10,SEL1L3,-0.9670989951493697,6.740653212831545e-4,down
ENSG00000145241.10,CENPC,0.5547023109490126,0.12607559630254808,up
ENSG00000138759.18,FRAS1,-0.9783160913406509,8.545327651345816e-4,down
ENSG00000138668.18,HNRNPD,0.8266075629925601,1.3547113550294415e-19,up
ENSG00000152795.17,HNRNPDL,0.7523773368982578,6.634606350156324e-11,up
ENSG00000170502.12,NUDT9,0.7337590788354109,3.578749005173805e-7,up
ENSG00000152583.12,SPARCL1,-1.6710274023139677,0.0013287830298045016,down
ENSG00000118777.10,ABCG2,-1.1348544650600116,0.00140995371175344,down
ENSG00000164024.11,METAP1,0.5976287022262247,0.003301050367966743,up
ENSG00000138821.12,SLC39A8,1.1064179235078595,0.005468357330843254,up
ENSG00000109320.11,NFKB1,0.6882509624883268,0.0010815214232327585,up
ENSG00000270394.4,MTRNR2L13,-1.457002916475866,0.048525633015314665,down
ENSG00000269893.6,SNHG8,-0.7285073248492884,1.463120863055713e-4,down
ENSG00000226655.1,AC096732.2,2.1150456407252136,0.02130149600738345,up
ENSG00000151012.13,SLC7A11,-2.2202044058920793,7.120388749022635e-17,down
ENSG00000251333.3,RTN3P1,10.660672283135623,1.1745223628000073e-12,up
ENSG00000198589.10,LRBA,-0.654367066857612,0.004091902032237875,down
ENSG00000109654.14,TRIM2,-0.5934083750647499,0.11008485939562244,down
ENSG00000121211.7,MND1,0.8567181430948873,0.0025000659036288433,up
ENSG00000171566.11,PLRG1,-0.5091357125334877,0.023470692153864305,down
ENSG00000164128.6,NPY1R,1.6470845474779632,0.0011643199816824892,up
ENSG00000164104.11,HMGB2,0.910645773017667,5.4823424041073415e-18,up
ENSG00000151726.13,ACSL1,-0.6504278939720988,0.04712099976409787,down
ENSG00000071539.13,TRIP13,1.0100673895736798,2.068546124413641e-9,up
ENSG00000185986.11,SDHAP3,0.762042321714674,0.0011855780634898857,up
ENSG00000112902.11,SEMA5A,-0.8100770347810339,1.5446300282216644e-4,down
ENSG00000271980.1,CTD-2256P15.4,-2.8265657721858974,0.00803062908610247,down
ENSG00000249359.2,RP11-374A4.1,-0.8930041562907769,0.0796832094463147,down
ENSG00000133401.15,PDZD2,-1.456721366046083,0.026502553735174617,down
ENSG00000113387.11,SUB1,0.6828051651903247,2.0541327023988593e-5,up
ENSG00000145604.15,SKP2,0.5557652156144907,0.06438026192336148,up
ENSG00000134057.14,CCNB1,0.7343881216761424,2.1321197343465262e-4,up
ENSG00000131711.14,MAP1B,-1.197613577966102,0.002920558539264838,down
ENSG00000145741.15,BTF3,0.5648093548532764,7.862582557971237e-6,up
ENSG00000164329.13,PAPD4,-0.5559881725336998,0.08832360758645429,down
ENSG00000164180.13,TMEM161B,-0.6468759623532939,0.09818424318411115,down
ENSG00000249353.2,NPM1P27,0.9914527226506722,2.979388473625755e-5,up
ENSG00000198677.10,TTC37,-0.5097477665940744,0.07768170888461653,down
ENSG00000164902.13,PHAX,0.5862905780240731,0.023488135982894738,up
ENSG00000113368.11,LMNB1,0.9412699726450207,1.586175501267817e-17,up
ENSG00000064651.13,SLC12A2,0.5638931952796834,4.977005973842439e-4,up
ENSG00000125347.13,IRF1,-0.5728666996904389,0.09778041383749421,down
ENSG00000120708.16,TGFBI,-0.5623065785571645,0.02828886513609907,down
ENSG00000031003.10,FAM13B,0.638283180971379,0.04200111434938777,up
ENSG00000112984.11,KIF20A,0.6740465482797352,9.95210930233067e-5,up
ENSG00000120738.7,EGR1,1.8577638985398468,3.313005382692005e-9,up
ENSG00000185129.5,PURA,0.7073508877327339,0.01667011827522889,up
ENSG00000133706.17,LARS,-0.6762898498645683,3.8789617759826486e-5,down
ENSG00000070814.17,TCOF1,0.5533690933812747,7.006364130807767e-5,up
ENSG00000197043.13,ANXA6,0.5976413653513439,0.1413559729461341,up
ENSG00000135074.15,ADAM19,-1.4897270131754523,0.03448965497022076,down
ENSG00000164611.12,PTTG1,0.9386357191260624,6.031952555804748e-10,up
ENSG00000113328.18,CCNG1,0.7325012446993143,0.011233669687370352,up
ENSG00000168269.8,FOXI1,3.4913394631855157,0.01667011827522889,up
ENSG00000113732.8,ATP6V0E1,0.7822268615913689,1.5004035126153607e-4,up
ENSG00000113739.10,STC2,-0.9015869691712698,4.204972264289857e-12,down
ENSG00000249031.1,SUMO2P6,2.650520236012628,7.407251710540285e-5,up
ENSG00000048162.20,NOP16,0.5205635249345174,3.0140627943798646e-5,up
ENSG00000113194.12,FAF2,0.6646107421301223,1.3550357867016786e-5,up
ENSG00000178338.10,ZNF354B,-1.7650242917256111,0.007871943629813938,down
ENSG00000161011.19,SQSTM1,-1.3875077220230216,4.2813402698644216e-60,down
ENSG00000131459.12,GFPT2,-0.6707813107337264,0.07623640212349378,down
ENSG00000111859.16,NEDD9,-1.2888406208851113,4.0507187713641245e-4,down
ENSG00000124795.14,DEK,0.6577600545735125,1.2623082907552734e-6,up
ENSG00000124766.6,SOX4,-0.5544650384381323,0.0033099882102705243,down
ENSG00000146038.11,DCDC2,0.8961889161341201,2.2267511966003335e-4,up
ENSG00000181315.10,ZNF322,-1.0880933113261595,0.028314150919462846,down
ENSG00000275379.1,HIST1H3I,0.6313449714354906,4.6461691663339587e-4,up
ENSG00000206341.7,HLA-H,-1.5562188178468315,0.01213564324665937,down
ENSG00000137404.14,NRM,0.9337912221456691,0.011404814382752895,up
ENSG00000137331.11,IER3,-0.697189248719635,0.04200111434938777,down
ENSG00000234745.10,HLA-B,-0.8734530006925965,1.8586448122528092e-4,down
ENSG00000204386.10,NEU1,-0.7621814067312781,2.547652601109696e-5,down
ENSG00000204267.13,TAP2,-0.5684128721353056,0.03157806786677651,down
ENSG00000231925.11,TAPBP,-0.5417044505082804,8.535344289140086e-5,down
ENSG00000237649.7,KIFC1,0.8430695097295017,1.4865805100206592e-7,up
ENSG00000213588.5,ZBTB9,0.7040863782442542,0.05027452185458879,up
ENSG00000096060.14,FKBP5,0.5740457495219533,0.012752285110880132,up
ENSG00000124762.13,CDKN1A,-0.6344807599197158,0.002669488700907405,down
ENSG00000146223.14,RPL7L1,0.6138680643385555,2.11051550239304e-7,up
ENSG00000112715.21,VEGFA,-1.2287038074394334,2.1116282638298276e-6,down
ENSG00000146072.6,TNFRSF21,-0.7932751570035304,9.229299149837044e-8,down
ENSG00000031691.6,CENPQ,0.6034338314210557,0.1160394050960319,up
ENSG00000202198.1,7SK,-1.071829365620593,1.1172028545126458e-6,down
ENSG00000151914.19,DST,-0.5419905732398546,0.042008158788881846,down
ENSG00000118418.14,HMGN3,0.8149580610618696,6.66880601770559e-5,up
ENSG00000065833.8,ME1,-0.6204809950411051,1.7050093053917428e-4,down
ENSG00000135318.11,NT5E,0.5629955140529003,0.08153208246423495,up
ENSG00000271793.1,RP11-321N4.5,0.5498707890518221,0.09046437122820555,up
ENSG00000112159.11,MDN1,-0.547699991704045,0.009501862553699366,down
ENSG00000272398.5,CD24,-0.6014453631400984,3.8082626245261863e-4,down
ENSG00000074935.13,TUBE1,-0.8888308185411867,0.01659945241971416,down
ENSG00000217241.1,CBX3P9,0.5239954400773801,0.0016987984515216552,up
ENSG00000152661.7,GJA1,3.683294231553198,0.02875652168961425,up
ENSG00000135547.8,HEY2,1.261081010154181,0.020887074371541196,up
ENSG00000118523.5,CTGF,1.1637078858448107,0.0013401575371206345,up
ENSG00000277973.1,RP11-472E5.3,0.6065470548706734,0.09840984649892864,up
ENSG00000112414.14,ADGRG6,1.0525631580650263,2.3404568450497936e-15,up
ENSG00000135521.8,LTV1,0.6449779491650225,8.702123706069836e-4,up
ENSG00000118508.4,RAB32,-0.6109508805739633,0.0011911317196630156,down
ENSG00000111981.4,ULBP1,-1.2999408301120736,0.008585367856985056,down
ENSG00000218996.1,ARL4AP5,1.7642516029798994,0.013042662229779333,up
ENSG00000131016.16,AKAP12,1.1320333705805077,0.002168270467841912,up
ENSG00000146476.10,ARMT1,0.6817711936600295,6.050584835045106e-6,up
ENSG00000218426.5,RP11-475C16.1,0.5439497101736805,0.0020202573087957838,up
ENSG00000197081.12,IGF2R,-0.67330546297158,6.600277268902569e-10,down
ENSG00000198719.8,DLL1,-0.761806105237508,0.05420101760732432,down
ENSG00000106268.15,NUDT1,0.5466266264068754,0.009968881850421536,up
ENSG00000106399.11,RPA3,0.5474693219489359,7.246051575902865e-4,up
ENSG00000172115.8,CYCS,0.7639434185473998,2.591418214517212e-4,up
ENSG00000122566.20,HNRNPA2B1,0.7453497708002231,2.4201568843481143e-18,up
ENSG00000106105.13,GARS,-0.7902555261201685,1.8329153585378078e-10,down
ENSG00000164619.8,BMPER,1.8280424480508919,0.016783560779303132,up
ENSG00000227191.8,TRGC2,1.904345731489444,0.019259737738551427,up
ENSG00000270617.1,URGCP-MRPS24,0.5551778797528061,0.08038804470745689,up
ENSG00000235314.1,LINC00957,-1.0187881423638823,0.05051510974169444,down
ENSG00000158604.14,TMED4,-0.5885158432033389,4.222317967587948e-4,down
ENSG00000214765.8,SEPT7P2,1.1482357652909498,1.1743522126804891e-6,up
ENSG00000146733.13,PSPH,-1.132775743216394,2.3571703913839773e-6,down
ENSG00000213650.3,RP11-760D2.7,0.9778555589393723,0.01779057381145517,up
ENSG00000277072.4,STAG3L2,1.0122655030386865,0.07810777184473301,up
ENSG00000106211.8,HSPB1,-0.5542950964873664,0.002452300740510998,down
ENSG00000243566.6,UPK3B,-1.7383631857254838,2.972277153797982e-11,down
ENSG00000186704.9,DTX2P1,6.554002959834204,6.544040779895681e-4,up
ENSG00000242435.1,UPK3BP1,11.351542628605273,2.1034913888492282e-14,up
ENSG00000170381.12,SEMA3E,-1.6394308471987162,0.022882000707828806,down
ENSG00000070669.16,ASNS,-1.3327054966818483,2.228044372984345e-21,down
ENSG00000164713.9,BRI3,-1.0948884727386645,3.335423249189971e-4,down
ENSG00000166508.17,MCM7,0.7387453078442147,3.102494873755021e-24,up
ENSG00000166997.7,CNPY4,0.6194769148046466,0.032429742466540463,up
ENSG00000146826.16,C7orf43,-0.7076787426934146,0.024159498445069878,down
ENSG00000128564.6,VGF,-0.7288960500803378,2.4307411806660074e-5,down
ENSG00000237632.3,S100A11P1,1.1395241654452104,0.06503702805690564,up
ENSG00000006652.13,IFRD1,-0.7894692815629113,0.00498403910538059,down
ENSG00000135269.17,TES,-1.1095801505917786,5.421847856271725e-6,down
ENSG00000240204.2,SMKR1,0.7621005111577542,0.07699827432222091,up
ENSG00000283041.1,RP11-371A22.1,1.2880797055272981,1.0647634285271196e-9,up
ENSG00000155660.10,PDIA4,0.6588672868909086,1.589788159960945e-6,up
ENSG00000033100.16,CHPF2,-0.7273390961829984,0.01376837403744565,down
ENSG00000186480.12,INSIG1,-0.9651004536185376,6.897680196065542e-6,down
ENSG00000105993.14,DNAJB6,0.594655352260887,7.467821887732165e-4,up
ENSG00000146918.19,NCAPG2,0.6762700130682092,3.407837674059078e-6,up
ENSG00000175806.14,MSRA,0.5472125335906876,0.09857078079257532,up
ENSG00000079459.12,FDFT1,-0.5707421905466096,6.612303273821389e-7,down
ENSG00000147443.12,DOK2,-0.6430250012820121,0.10303519911218068,down
ENSG00000253125.1,RP11-459E5.1,-1.1671597322919918,0.004943163539888849,down
ENSG00000120889.12,TNFRSF10B,-0.6417151155910011,0.02021286419824608,down
ENSG00000104679.10,R3HCC1,0.70517643888689,0.02979205699994649,up
ENSG00000184661.13,CDCA2,0.8641347614039677,0.0027465356387748096,up
ENSG00000120885.21,CLU,0.8095467819178537,4.405461003605948e-14,up
ENSG00000168078.9,PBK,0.6898118171055021,0.0025806018088423152,up
ENSG00000120875.8,DUSP4,-0.7597139038990955,0.0059702199256029655,down
ENSG00000127589.4,TUBBP1,0.7902101491229252,4.055777166660298e-6,up
ENSG00000232024.2,LSM12P1,-0.5361449379125287,0.1270960896326344,down
ENSG00000187840.4,EIF4EBP1,-0.8557639184430967,1.6911151095114045e-4,down
ENSG00000253570.1,RNF5P1,-0.9707476859193952,0.0017128311184049139,down
ENSG00000147526.19,TACC1,0.7677613412658308,1.3550357867016786e-5,up
ENSG00000147536.11,GINS4,0.6310640337548525,0.04489758904091151,up
ENSG00000215114.8,UBXN2B,-0.5315578476897111,0.03130254220744526,down
ENSG00000245910.8,SNHG6,-1.1519844944551592,2.321797254275861e-6,down
ENSG00000137573.13,SULF1,0.9078331860992864,0.01991334012163843,up
ENSG00000076554.15,TPD52,0.6358680638032006,2.2703800592506897e-5,up
ENSG00000164687.10,FABP5,0.9404529033692913,2.1722933315986232e-11,up
ENSG00000180694.13,TMEM64,0.7684307424910449,3.958634742550035e-7,up
ENSG00000123119.11,NECAB1,1.0008699594811143,0.02193843031763656,up
ENSG00000175305.17,CCNE2,1.05238134860698,1.818061755398835e-5,up
ENSG00000164754.14,RAD21,0.529921947095491,4.500214581628937e-6,up
ENSG00000182197.10,EXT1,-1.1844395663695084,0.05867498609461246,down
ENSG00000156804.7,FBXO32,-0.9334966062741531,0.02979205699994649,down
ENSG00000104419.14,NDRG1,-0.7897819654167626,0.020775656528457618,down
ENSG00000104472.9,CHRAC1,0.5949453756224251,0.028712174124142377,up
ENSG00000184489.11,PTP4A3,-0.9336378938661772,0.06453255011342614,down
ENSG00000130193.7,THEM6,-0.652879558983086,0.028771391942434433,down
ENSG00000261150.2,EPPK1,-0.9282035427486746,1.9530069181911445e-4,down
ENSG00000178209.14,PLEC,-0.5383341526878456,0.032584512664496815,down
ENSG00000147852.15,VLDLR,-1.4203401812903906,1.83668414458785e-6,down
ENSG00000233846.2,RP11-307L3.2,0.6439350475880901,0.029608206259575113,up
ENSG00000177076.5,ACER2,-0.8168114135668446,0.017664365462980378,down
ENSG00000260390.1,RP11-575I8.1,0.7488665052039866,0.08866598555672543,up
ENSG00000165272.14,AQP3,-1.0522807959410982,3.498620922432046e-23,down
ENSG00000231991.4,ANXA2P2,0.8935878317290344,7.862582557971237e-6,up
ENSG00000221829.9,FANCG,0.5150422162214143,0.14399039689892593,up
ENSG00000137076.20,TLN1,-0.512559121154625,0.07823407739739204,down
ENSG00000213866.3,YBX1P10,0.807234933722108,1.995573501528542e-14,up
ENSG00000165304.7,MELK,0.5875360437413274,0.006490762824079857,up
ENSG00000276291.5,FRG1HP,-0.839292226824858,0.04914561955561425,down
ENSG00000226007.2,RP11-211N8.2,-4.807920918784487,0.0027741293421337456,down
ENSG00000215548.2,FRG1JP,-1.1211571253164125,0.0037019782522791193,down
ENSG00000228430.9,RP11-15B24.5,1.023794317557256,9.302578097657474e-14,up
ENSG00000196305.17,IARS,-0.5017097836764064,3.743620142817595e-5,down
ENSG00000165244.6,ZNF367,0.7353388423931537,0.027618996276054256,up
ENSG00000196312.12,MFSD14C,-1.7616177638005712,1.144918463125601e-4,down
ENSG00000136943.10,CTSV,0.6566387881853571,0.03387599277202786,up
ENSG00000188801.9,ZNF322P1,7.7918961876378745,5.232999944229184e-6,up
ENSG00000136938.8,ANP32B,0.6131644242443802,8.535344289140086e-5,up
ENSG00000165028.11,NIPSNAP3B,1.367244290373543,6.840274035051965e-4,up
ENSG00000165029.15,ABCA1,1.3398480798091186,1.2403041062786077e-9,up
ENSG00000119326.14,CTNNAL1,0.5149382273623122,0.08655723427881135,up
ENSG00000242616.3,GNG10,-0.6553945439429276,0.007504608323141771,down
ENSG00000106780.8,MEGF9,0.7416615911293091,0.023488135982894738,up
ENSG00000136930.12,PSMB7,0.540551070634957,1.3822152225861493e-8,up
ENSG00000119335.16,SET,0.5292863425783402,0.0017193058258880638,up
ENSG00000148344.10,PTGES,-1.5603609324814893,4.400077996147434e-8,down
ENSG00000130707.17,ASS1,-1.1301997092695288,1.860146591378622e-49,down
ENSG00000126878.12,AIF1L,0.526101426184173,5.66468200974524e-4,up
ENSG00000160326.13,SLC2A6,-1.186654364031663,4.34710734449709e-4,down
ENSG00000130635.15,COL5A1,-0.6271276150251348,0.01674211744650695,down
ENSG00000148400.9,NOTCH1,-0.601347279829209,0.007224334836420062,down
ENSG00000176978.13,DPP7,-0.694940580896079,0.029598095537967363,down
ENSG00000197191.4,CYSRT1,-1.1151944102775817,0.06535803194535066,down
ENSG00000188229.5,TUBB4B,0.6296384171609525,1.611494489995774e-5,up
ENSG00000196139.13,AKR1C3,-3.0487576783238124,1.4565682931753424e-4,down
ENSG00000065328.16,MCM10,0.7980129087760084,9.668069030402233e-5,up
ENSG00000230397.1,SPTLC1P1,0.707718572213974,0.06447494535610501,up
ENSG00000165731.18,RET,0.7818823751268678,4.124578215723913e-7,up
ENSG00000231122.5,FAM25E,2.567989961384962,0.009410514912523807,up
ENSG00000263639.5,MSMB,1.703687456094496,0.008106982296148544,up
ENSG00000280913.2,CTSLP2,9.354803469642933,3.572263974463636e-17,up
ENSG00000276850.4,CH17-360D5.2,-0.6366822079310903,0.06736375937643829,down
ENSG00000107984.9,DKK1,1.8032542150486666,1.2482947967597554e-50,up
ENSG00000231131.6,LINC01468,1.219249672061466,0.003925403696314809,up
ENSG00000122952.16,ZWINT,0.8116389018789097,7.05404772061157e-8,up
ENSG00000122873.11,CISD1,0.5696705335410923,0.018869293706146498,up
ENSG00000170312.15,CDK1,0.8634894165056413,9.149540142161995e-8,up
ENSG00000182010.10,RTKN2,0.8513539337886709,0.019101613693656365,up
ENSG00000168209.4,DDIT4,-3.5729574607993824,8.990306621437198e-67,down
ENSG00000213551.4,DNAJC9,0.6315215421069058,2.682846728966935e-5,up
ENSG00000234743.1,EIF5AP4,-0.8760912542336797,4.740511817701301e-6,down
ENSG00000122378.13,FAM213A,-0.515697409010681,3.8789617759826486e-5,down
ENSG00000223482.7,NUTM2A-AS1,-1.2320881583117091,0.007602257191678612,down
ENSG00000138182.14,KIF20B,0.8137155463667118,0.005092042547481491,up
ENSG00000138160.5,KIF11,0.5672718770612191,0.0033448140451770225,up
ENSG00000119969.14,HELLS,0.6501076213199748,1.1408380054622538e-4,up
ENSG00000148843.13,PDCD11,-0.6165817937377753,0.007926435663349858,down
ENSG00000065621.14,GSTO2,-0.586927903235963,0.026382149764091044,down
ENSG00000169129.14,AFAP1L2,0.8168889266100974,0.0026256225560756965,up
ENSG00000151892.14,GFRA1,0.7079636682093012,1.788581857001792e-11,up
ENSG00000213574.2,LDHAP5,1.8527502356758518,1.4715725612788753e-12,up
ENSG00000166033.11,HTRA1,0.7396712347561425,1.1822990289017804e-4,up
ENSG00000127884.4,ECHS1,0.5424451368673604,4.3864710505720826e-8,up
ENSG00000177951.17,BET1L,-0.6236482145215135,0.1017368304411016,down
ENSG00000142089.15,IFITM3,-1.3143706469877428,1.2841603945693043e-7,down
ENSG00000177600.8,RPLP2,0.6048947086310824,2.8195501349532384e-8,up
ENSG00000215182.8,MUC5AC,-0.8642444918272966,0.05970973494718911,down
ENSG00000110628.13,SLC22A18,-0.6684519563857695,0.11959485364583096,down
ENSG00000132254.12,ARFIP2,-1.0465393149312454,6.611654229105694e-7,down
ENSG00000175390.13,EIF3F,0.5663648449735903,1.1307262637277976e-5,up
ENSG00000184014.7,DENND5A,-0.8423804893418773,0.030463233735445728,down
ENSG00000110696.9,C11orf58,0.5652667797400514,1.4655804462508342e-6,up
ENSG00000121621.6,KIF18A,0.6379599334253326,0.0872516399265438,up
ENSG00000135374.9,ELF5,-1.358010137695269,0.016879554780263917,down
ENSG00000149150.8,SLC43A1,-0.7036202072072787,0.11833425997391714,down
ENSG00000189057.10,FAM111B,0.6923727820704381,0.07367654549777806,up
ENSG00000167985.6,SDHAF2,0.8879115577434372,0.005852325168647461,up
ENSG00000168496.3,FEN1,0.9943461671521451,1.9497752345365678e-9,up
ENSG00000167994.11,RAB3IL1,-0.6295988700138592,0.1245679119897252,down
ENSG00000167996.15,FTH1,-0.7286191961247552,4.9745938639991586e-12,down
ENSG00000124942.13,AHNAK,-0.5435863479823829,5.760774613870991e-4,down
ENSG00000168003.16,SLC3A2,-1.2044772186749486,6.033009927395713e-61,down
ENSG00000110047.17,EHD1,0.5830451967998448,0.012868596501692671,up
ENSG00000146670.9,CDCA5,0.6927984405151392,0.0025806018088423152,up
ENSG00000149809.14,TM7SF2,-0.5180655662168571,0.059416411654773287,down
ENSG00000014138.8,POLA2,0.7010163044858045,0.014330485114783862,up
ENSG00000175334.7,BANF1,0.5611436657206887,0.0017533361466237523,up
ENSG00000248643.5,RBM14-RBM4,0.8636771737876356,0.0039459425523452754,up
ENSG00000167799.9,NUDT8,-0.5328496862200085,0.12323179290804918,down
ENSG00000006534.15,ALDH3B1,-0.7845758348629666,0.0015473416742763446,down
ENSG00000162337.11,LRP5,-0.5748876450489077,0.0036736779300613367,down
ENSG00000069482.6,GAL,0.7001893818455318,1.4316980913587601e-4,up
ENSG00000172893.15,DHCR7,-0.5245652928224193,0.0016077524059379337,down
ENSG00000149357.9,LAMTOR1,-0.5655698426173781,0.021589492874448533,down
ENSG00000110200.8,ANAPC15,0.6356942554082933,3.5741075640222096e-9,up
ENSG00000214530.8,STARD10,0.6704605681868729,1.5461394015130977e-5,up
ENSG00000175567.8,UCP2,-0.6493893562126541,0.005600994967986647,down
ENSG00000062282.14,DGAT2,-0.5057217718272391,0.15460992376305552,down
ENSG00000137492.7,THAP12,1.0506038219635212,1.51695908581918e-6,up
ENSG00000182704.7,TSKU,-1.3752339108375993,1.3725503208872239e-14,down
ENSG00000149260.15,CAPN5,-1.1371865203163454,0.015080158302654476,down
ENSG00000151366.12,NDUFC2,-1.088989722809617,2.139406395542728e-4,down
ENSG00000110172.11,CHORDC1,0.632557509680955,0.0016077524059379337,up
ENSG00000166025.17,AMOTL1,1.1190518548972446,0.002410985368776209,up
ENSG00000137693.13,YAP1,0.5108703391879716,0.056725663315971536,up
ENSG00000152558.14,TMEM123,0.5880119249285142,0.08153208246423495,up
ENSG00000204370.9,SDHD,0.5743684298161241,0.022654740393938638,up
ENSG00000173456.4,RNF26,0.5238075074619526,0.0955218803782936,up
ENSG00000154096.13,THY1,-2.542801898674015,0.01410726125350573,down
ENSG00000109971.13,HSPA8,0.6237768033010332,1.2403041062786077e-9,up
ENSG00000151715.7,TMEM45B,-1.1434431679698263,1.408240206477669e-5,down
ENSG00000082805.19,ERC1,0.5033463255801262,0.15015212324718516,up
ENSG00000006831.9,ADIPOR2,0.8717364090465711,4.1497107588684405e-06,up
ENSG00000004478.7,FKBP4,0.5245018330116777,7.687904089115991e-7,up
ENSG00000111206.12,FOXM1,0.5329799992676506,0.04942141742694372,up
ENSG00000111247.14,RAD51AP1,0.5146038270156714,0.14679634866742497,up
ENSG00000067182.7,TNFRSF1A,-0.6595428293907657,1.679139483883339e-4,down
ENSG00000111319.12,SCNN1A,-0.6048443520331264,0.00864618761361358,down
ENSG00000159335.15,PTMS,0.6625776786709099,8.99593988943291e-5,up
ENSG00000111665.11,CDCA3,0.6124833384298694,0.004630299683947679,up
ENSG00000111669.14,TPI1,0.5206048264928842,1.2796085296081813e-5,up
ENSG00000111752.10,PHC1,1.1739418451151586,0.044144314887603606,up
ENSG00000013588.7,GPRC5A,0.5266911122542964,2.682065509260405e-5,up
ENSG00000111341.9,MGP,0.6066611066580414,2.0790879277957357e-4,up
ENSG00000134533.6,RERG,0.7015184929950875,0.05731251890411702,up
ENSG00000008394.12,MGST1,-0.969256190869947,1.3550357867016786e-5,down
ENSG00000256238.1,SUPT16HP1,0.9233511550708763,0.03745468402696976,up
ENSG00000256663.1,RP11-424C20.2,0.95750564348584,9.98616167072585e-4,up
ENSG00000064102.14,INTS13,0.5080637908785064,0.03588338228824702,up
ENSG00000139211.6,AMIGO2,-1.0829638070575975,0.002726257644340539,down
ENSG00000211584.13,SLC48A1,-0.8532162666582118,0.006750614459863726,down
ENSG00000174243.9,DDX23,0.5345126339713318,6.130600852255292e-5,up
ENSG00000172602.9,RND1,-1.6861292305460744,1.7471280214772003e-11,down
ENSG00000123416.15,TUBA1B,0.7482781864788827,1.2432096597095328e-25,up
ENSG00000167552.13,TUBA1A,0.6841607756062178,0.003745862457248836,up
ENSG00000135451.12,TROAP,0.5759765880182813,0.024827212875803025,up
ENSG00000258135.5,RP11-70F11.11,2.9968852765729395,3.5741075640222096e-9,up
ENSG00000161800.12,RACGAP1,0.6625019707295056,5.095167140876829e-4,up
ENSG00000135480.15,KRT7,-0.8036149730780427,0.004728747900241092,down
ENSG00000170442.11,KRT86,-0.5420917195079915,0.08106131223722374,down
ENSG00000205426.10,KRT81,-0.5636804442726233,0.013962456139730814,down
ENSG00000123415.15,SMUG1,-0.5634597719479957,0.1362085894421886,down
ENSG00000094916.15,CBX5,0.8344422581405367,2.8281250617744322e-8,up
ENSG00000179899.8,PHC1P1,-7.637301964797239,1.0932479187742798e-5,down
ENSG00000205323.8,SARNP,0.628918569292726,2.441486900547586e-4,up
ENSG00000257411.1,RP11-603J24.9,0.9356096561249846,9.098550321842056e-4,up
ENSG00000144785.8,RP11-977G19.10,-1.1111191333696637,2.9163435516020852e-5,down
ENSG00000111602.11,TIMELESS,0.5941377019336594,4.6856906198903644e-6,up
ENSG00000123384.13,LRP1,-0.6699176810867371,0.10860491544065465,down
ENSG00000182199.10,SHMT2,-0.5855211939274362,1.0518852320526269e-7,down
ENSG00000139269.2,INHBE,-4.5839581398024265,6.681609472206688e-5,down
ENSG00000175197.11,DDIT3,-1.7483637213421803,1.59210634326791e-8,down
ENSG00000135454.13,B4GALNT1,-0.5335783464107514,0.11815464072686038,down
ENSG00000135452.9,TSPAN31,-0.5342992579418918,0.03425990687276974,down
ENSG00000184575.11,XPOT,-0.6763544975926831,8.047108047345546e-8,down
ENSG00000213344.2,PCNPP3,1.8748425391783583,0.07357588586231005,up
ENSG00000228144.2,RP11-745O10.4,-0.5738022665803486,0.03354222800628484,down
ENSG00000139291.13,TMEM19,1.7505372807805908,1.1032383718644383e-4,up
ENSG00000139289.13,PHLDA1,-1.6205811325889214,1.2306853178248404e-11,down
ENSG00000258073.1,RP11-1079J22.1,0.8515640025555125,5.516638801259031e-8,up
ENSG00000074527.11,NTN4,-0.7570332432228606,0.017773823605159417,down
ENSG00000139343.10,SNRPF,0.7378651621861713,1.8292543781843943e-6,up
ENSG00000120802.13,TMPO,0.5068561315443618,0.0023042307930712823,up
ENSG00000166598.14,HSP90B1,0.5349030417726999,3.931490245143004e-4,up
ENSG00000198431.15,TXNRD1,-0.9897947668034114,4.5198097521755635e-12,down
ENSG00000166046.10,TCP11L2,-1.030800423638756,0.03157806786677651,down
ENSG00000111785.19,RIC8B,-1.2288129542110484,0.002799498348867133,down
ENSG00000136003.15,ISCU,0.5386434937142687,0.012386412702839895,up
ENSG00000139428.11,MMAB,-0.5763835082912475,0.008701046195562041,down
ENSG00000089009.15,RPL6,0.5112567419463532,9.541653891908599e-6,up
ENSG00000179295.17,PTPN11,0.5072582938723245,0.0012509394295864423,up
ENSG00000139410.14,SDSL,-0.6800528895678642,0.009501862553699366,down
ENSG00000258102.3,MAP1LC3B2,-0.8827144966613969,1.3585271588166336e-4,down
ENSG00000213144.2,RP11-64B16.2,0.6752266783158547,4.375152408981487e-9,up
ENSG00000111775.2,COX6A1,-0.6481468605590531,1.6653489433214507e-11,down
ENSG00000167272.10,POP5,0.5336722617923464,0.006199989103654916,up
ENSG00000157895.11,C12orf43,0.5574155272180683,0.04247726360981548,up
ENSG00000196917.5,HCAR1,-0.5657095754772477,0.1441292995023975,down
ENSG00000168778.11,TCTN2,0.6560501703130296,0.048525633015314665,up
ENSG00000177169.9,ULK1,-0.6391268718041593,0.028655154379911615,down
ENSG00000176894.9,PXMP2,0.5511668996314517,0.08810007595273571,up
ENSG00000173141.4,MRPL57,-0.6757712277792111,0.005973111190366808,down
ENSG00000189403.14,HMGB1,0.668456188532601,0.013271009204394169,up
ENSG00000133119.12,RFC3,0.5982132211167259,2.9815701634203498e-5,up
ENSG00000102804.14,TSC22D1,-0.6043920952033819,3.4532254960971234e-5,down
ENSG00000214455.4,RCN1P2,-0.8468160259739296,9.226975616526602e-8,down
ENSG00000136159.3,NUDT15,0.5268001348531746,0.026502553735174617,up
ENSG00000225131.2,PSME2P2,0.5749279722088971,0.13150891078403906,up
ENSG00000214269.3,LGMNP1,0.7824654340516238,0.004479557844051209,up
ENSG00000184564.8,SLITRK6,0.5835555058646084,0.058119945520512445,up
ENSG00000175820.3,CCDC168,0.7659142376993822,0.09857078079257532,up
ENSG00000198176.12,TFDP1,0.7573625602099718,2.3653242347093523e-5,up
ENSG00000244306.10,DUXAP10,-0.6253275346235757,0.08866598555672543,down
ENSG00000100814.17,CCNB1IP1,-0.7142316723247122,0.013688802215347946,down
ENSG00000129566.12,TEP1,-1.1653201166796285,0.019362063282720318,down
ENSG00000129474.15,AJUBA,-0.540174547709777,0.07904159110535022,down
ENSG00000100889.11,PCK2,-1.4551547190207634,3.3614111262209394e-42,down
ENSG00000100926.14,TM9SF1,0.9011073079831897,3.055549294172564e-5,up
ENSG00000129521.13,EGLN3,0.5059458895948262,0.06745448065032017,up
ENSG00000165410.14,CFL2,0.6075068138453625,0.03921333663069724,up
ENSG00000259022.2,DNAJC8P1,0.671317040086962,0.007691833304751228,up
ENSG00000165502.6,RPL36AL,0.5532656340559402,2.2349000018365278e-4,up
ENSG00000087302.8,C14orf166,0.5273516763972528,3.441008035715639e-4,up
ENSG00000126787.12,DLGAP5,0.6828770059844567,0.01106519056723122,up
ENSG00000258427.3,RBM8B,14.515468927621203,7.549022533203457e-24,up
ENSG00000134001.12,EIF2S1,0.5293394898666915,0.0030134832452855323,up
ENSG00000258759.1,RP11-1012A1.7,1.1483128243125773,4.500214581628937e-6,up
ENSG00000185650.9,ZFP36L1,-0.5549911273425069,0.03963076771176512,down
ENSG00000119707.13,RBM25,0.6159335201581886,0.012864225645524717,up
ENSG00000053254.15,FOXN3,0.5330914725880121,0.12686454149746626,up
ENSG00000100604.12,CHGA,1.08575305665168,0.08132127748203061,up
ENSG00000012963.14,UBR7,0.6450584272109011,0.0018976316248136573,up
ENSG00000176438.12,SYNE3,-0.5560864991240014,0.14679634866742497,down
ENSG00000140105.17,WARS,-0.8073899791677756,1.8198596239609372e-12,down
ENSG00000197406.7,DIO3,1.7153121397519113,0.03387599277202786,up
ENSG00000197102.10,DYNC1H1,-1.0973922334419177,1.05804676249778e-11,down
ENSG00000185215.8,TNFAIP2,-0.9973003637241731,3.0140627943798646e-5,down
ENSG00000185567.6,AHNAK2,-1.0663547647030331,1.8667024088030393e-4,down
ENSG00000234664.1,HMGN2P5,0.9012740288672232,0.0015463420285315795,up
ENSG00000171262.11,FAM98B,0.5024007797455331,0.005763907056519048,up
ENSG00000137801.10,THBS1,0.6116514410694325,5.2966423687530936e-05,up
ENSG00000104081.13,BMF,-2.4266580603926178,5.959996067761945e-5,down
ENSG00000128944.13,KNSTRN,0.8522783438337466,1.6462734911906378e-8,up
ENSG00000128965.11,CHAC1,-3.0632187827707145,2.894361046451888e-15,down
ENSG00000137804.12,NUSAP1,0.6102358187786461,0.001790945325051758,up
ENSG00000168781.21,PPIP5K1,-1.324614903147943,0.04373599883817086,down
ENSG00000223572.9,CKMT1A,-0.6938472741539721,0.019259737738551427,down
ENSG00000128951.13,DUT,0.8743519134702794,2.3875780544501595e-7,up
ENSG00000255302.4,EID1,0.5645714305155519,1.5120689580844496e-5,up
ENSG00000069974.15,RAB27A,0.955052416976956,5.6576827452376774e-5,up
ENSG00000261771.5,DYX1C1-CCPG1,7.49692841295138,1.8099062607486694e-5,up
ENSG00000256061.7,DYX1C1,-4.138660037950563,0.005763907056519048,down
ENSG00000157456.7,CCNB2,0.5417624581165863,0.02190215171687987,up
ENSG00000129003.15,VPS13C,-0.8467152933076761,0.0017867137284562715,down
ENSG00000166794.4,PPIB,0.5503103925359119,3.3403530660397764e-10,up
ENSG00000259316.10,CTD-2116N17.1,0.8546613420635721,0.01708997002544965,up
ENSG00000166803.11,PCLAF,0.5560454370086635,0.003515097371154477,up
ENSG00000166173.10,LARP6,-0.5279554411387886,0.15553734203078998,down
ENSG00000137868.18,STRA6,-1.6482958006162156,3.6731715629780985e-4,down
ENSG00000140465.13,CYP1A1,-6.0878704303146645,6.084085472468111e-72,down
ENSG00000259565.2,KRT8P23,5.67629870402148,0.0024296375821189625,up
ENSG00000140391.14,TSPAN3,-0.5753577903020405,0.001653796671729721,down
ENSG00000140395.8,WDR61,0.5900433493917475,4.6592133663890405e-5,up
ENSG00000117899.10,MESDC2,0.6449183502986853,4.479863385337558e-8,up
ENSG00000182774.10,RPS17,0.7499711283588265,2.4201568843481143e-18,up
ENSG00000225151.10,GOLGA2P7,-1.9797250283783046,0.0011413195789164684,down
ENSG00000140525.17,FANCI,0.7697913884298543,8.546364239305779e-8,up
ENSG00000140534.13,TICRR,0.5051416492088733,0.1392959915354564,up
ENSG00000242498.7,ARPIN,0.6922419692044616,0.06716945019304515,up
ENSG00000198901.13,PRC1,0.8276879259840509,3.911249005281946e-12,up
ENSG00000258542.1,AC068831.11,1.9370795888829284,7.502142170598059e-7,up
ENSG00000258741.3,RP11-386M24.4,-1.1249046746010671,0.015439726404064817,down
ENSG00000258527.1,ASB9P1,-1.7629274894768272,0.003499921593649605,down
ENSG00000185551.14,NR2F2,0.5135603649000274,0.0013572590816742062,up
ENSG00000184254.16,ALDH1A3,-1.972053746430636,2.3853826702376675e-40,down
ENSG00000185596.16,WASH3P,-1.0770681508083766,0.023760324316006443,down
ENSG00000161980.5,POLR3K,0.5980762601130127,6.100923744604374e-4,up
ENSG00000127585.11,FBXL16,-0.7931700247719943,0.04021751655030948,down
ENSG00000162063.12,CCNF,0.5311344493160762,0.008767866618561205,up
ENSG00000185883.11,ATP6V0C,-0.7294909413111831,0.008102322181053294,down
ENSG00000259784.1,RP11-20I23.3,-1.426847618702846,7.554782355923997e-10,down
ENSG00000005001.9,PRSS22,-0.8070672077652936,0.021964846182359537,down
ENSG00000131650.13,KREMEN2,-0.5006430530229845,0.12235770279407979,down
ENSG00000008517.16,IL32,-0.8957916249202971,0.031149510935776628,down
ENSG00000118894.14,EEF2KMT,-0.6769332512131042,9.188316518536496e-4,down
ENSG00000250251.6,PKD1P6,6.012010673376263,0.004272539627041648,up
ENSG00000183889.12,AC138969.4,-0.7541179347399386,0.08006618987483735,down
ENSG00000170540.14,ARL6IP1,0.9297002002730624,3.702709813000677e-14,up
ENSG00000102897.9,LYRM1,-0.5155220238424445,0.1602349217326441,down
ENSG00000103356.15,EARS2,0.6792280545084817,0.015080158302654476,up
ENSG00000166851.14,PLK1,0.6940414490966551,4.579958221609928e-6,up
ENSG00000230330.1,HMGN2P3,0.9012740288672232,0.0015463420285315795,up
ENSG00000176046.8,NUPR1,-3.3909174914083424,6.170036718522858e-30,down
ENSG00000183336.8,BOLA2,-0.6893970818317605,7.330585886787702e-6,down
ENSG00000013364.18,MVP,-0.8900983632821493,0.015080158302654476,down
ENSG00000174938.14,SEZ6L2,-0.5028105974245615,8.205130508067126e-4,down
ENSG00000174943.9,KCTD13,-0.573562629898106,0.06270588770547553,down
ENSG00000281991.1,TMEM265,-1.0293938485716794,0.04225805216660158,down
ENSG00000102870.5,ZNF629,-0.6259328587970794,0.11187933078693313,down
ENSG00000052344.15,PRSS8,-0.7717589110432582,5.548415827385641e-5,down
ENSG00000260047.2,BCAP31P2,1.266465436958928,3.1076523669225123e-7,up
ENSG00000171241.8,SHCBP1,1.0604969436771134,3.898573810307858e-10,up
ENSG00000166123.13,GPT2,-1.2890980552046145,3.071290471659792e-8,down
ENSG00000167005.13,NUDT21,0.5488761831124112,0.016243976124041114,up
ENSG00000198417.6,MT1F,-1.0556255884444936,0.0023495997836374643,down
ENSG00000102931.7,ARL2BP,0.8088142881846685,8.570222251254395e-4,up
ENSG00000181938.13,GINS3,0.5661300387321822,0.06767886950691805,up
ENSG00000261144.1,RP11-102D18.1,2.2249123503682475,4.149778882481859e-5,up
ENSG00000124067.16,SLC12A4,1.1235790763474003,0.060910347958934574,up
ENSG00000090861.15,AARS,-0.7042262801441724,5.2398116601001324e-15,down
ENSG00000214331.8,RP11-252A24.2,1.2294943952949642,0.023656006959302495,up
ENSG00000168411.13,RFWD3,0.6432522524323752,1.7949817479936012e-5,up
ENSG00000205084.10,TMEM231,-0.6330329756281142,0.03921333663069724,down
ENSG00000166509.10,CLEC3A,1.0278630454967574,0.006167866738304761,up
ENSG00000166451.13,CENPN,0.5421057624614374,1.419245040820638e-4,up
ENSG00000140905.10,GCSH,0.5368197271646498,3.0005523760087342e-5,up
ENSG00000260229.1,RP11-391L3.5,6.843832536784214,2.528008702976898e-4,up
ENSG00000197943.9,PLCG2,-0.7502075871581136,0.0065058595697398665,down
ENSG00000140961.12,OSGIN1,-0.893165185338673,0.004423797320680214,down
ENSG00000140943.16,MBTPS1,-0.7109532700689609,3.645809437883774e-7,down
ENSG00000064270.12,ATP2C2,-0.7209179517982589,5.067613026972412e-7,down
ENSG00000103257.8,SLC7A5,-1.784508343169154,1.9014086323362458e-41,down
ENSG00000167508.11,MVD,-0.5392393914204717,0.004160841515927641,down
ENSG00000167522.14,ANKRD11,-0.6665469909833585,6.299071261812575e-4,down
ENSG00000177602.5,GSG2,0.8452810262203506,0.031426344565158346,up
ENSG00000108561.8,C1QBP,0.5546243907559714,2.047648311463413e-9,up
ENSG00000129195.15,FAM64A,0.8083840383094616,0.005852325168647461,up
ENSG00000178999.12,AURKB,0.6007410696662266,1.1131232616298838e-4,up
ENSG00000109099.13,PMP22,2.4675493346215926,1.8269822481909155e-8,up
ENSG00000170315.13,UBB,0.53651106461404785,1.5760599425187486e-6,up
ENSG00000108551.4,RASD1,-1.7462046059509932,1.871347674382459e-4,down
ENSG00000175662.17,TOM1L2,0.80747652598841,3.106031524824676e-5,up
ENSG00000108448.20,TRIM16L,-0.6650297407992826,0.003974448358374309,down
ENSG00000262202.4,RP11-160E2.6,-0.868977898485309,8.705769439983398e-4,down
ENSG00000108602.17,ALDH3A1,-1.5033910266023733,0.0025806018088423152,down
ENSG00000109107.13,ALDOC,-0.5470412508528446,0.1469929910248756,down
ENSG00000076382.16,SPAG5,0.815671022200607,2.0118862170765507e-7,up
ENSG00000076604.14,TRAF4,-0.5696546546753191,0.009813858846884833,down
ENSG00000176208.8,ATAD5,1.0692300588124473,0.04020502760352296,up
ENSG00000172301.10,COPRS,0.5208457441400005,0.0012244656058432962,up
ENSG00000273611.4,ZNHIT3,0.7434553753680001,6.130600852255292e-5,up
ENSG00000277791.4,PSMB3,0.5044566298983557,3.6745323228490876e-4,up
ENSG00000141741.11,MIEN1,-0.6730645784314652,0.03834495504732591,down
ENSG00000094804.9,CDC6,0.6701503744460471,0.005194723240786521,up
ENSG00000131759.17,RARA,0.5606203576136476,0.0135860585077643,up
ENSG00000131470.14,PSMC3IP,0.7236328441957546,0.013026519914002048,up
ENSG00000108828.15,VAT1,-0.789330431453422,9.477177530868463e-11,down
ENSG00000012048.20,BRCA1,0.6541486260660752,0.005100962482884538,up
ENSG00000188825.13,LINC00910,-1.6267034287477316,6.267227036760192e-5,down
ENSG00000108840.15,HDAC5,-0.8190076993330113,0.029608206259575113,down
ENSG00000260075.1,NSFP1,-0.7222963862257742,0.05756934038960206,down
ENSG00000108826.15,MRPL27,0.586862293323946,4.998370786443477e-4,up
ENSG00000108846.15,ABCC3,-0.7793248718866403,9.88269305449551e-9,down
ENSG00000154945.6,ANKRD40,0.5344483841408826,0.03921333663069724,up
ENSG00000141179.13,PCTP,-0.5550375185156436,0.12496657847064746,down
ENSG00000175175.5,PPM1E,-0.5741675713947767,0.05261644124508659,down
ENSG00000136492.8,BRIP1,0.7406193081829557,8.97419318253922e-5,up
ENSG00000011028.13,MRC2,-0.7459890381832088,0.05661837915782856,down
ENSG00000136463.7,TACO1,0.7382477443745533,0.0010077918414984014,up
ENSG00000178607.15,ERN1,-0.510930803507037,0.16552254667443347,down
ENSG00000132471.11,WBP2,-0.5954761030616731,0.0025806018088423152,down
ENSG00000176170.13,SPHK1,-0.7471935586608283,0.028366713909755686,down
ENSG00000167900.11,TK1,0.5273757035409471,2.7358679992641344e-4,up
ENSG00000089685.14,BIRC5,0.7594857094552196,3.434144193917427e-4,up
ENSG00000141582.14,CBX4,-0.6461320706888793,0.001428462233494795,down
ENSG00000169710.8,FASN,-0.9037111683747512,7.330585886787702e-6,down
ENSG00000141574.7,SECTM1,-1.3562153841653495,0.04664518683410145,down
ENSG00000141560.14,FN3KRP,0.7788666560682728,0.002726257644340539,up
ENSG00000176890.15,TYMS,0.7758369111128658,9.105640950947391e-11,up
ENSG00000177426.20,TGIF1,-0.6266206591683058,0.011854789529466971,down
ENSG00000212712.2,AP002414.1,1.7904204532634282,0.018393660610257826,up
ENSG00000176014.12,TUBB6,0.590380488387733,0.003146352275364254,up
ENSG00000167088.10,SNRPD1,0.5895941433369617,3.055946884302957e-5,up
ENSG00000141458.12,NPC1,-0.7708633929765348,3.7306726157450082e-6,down
ENSG00000053747.15,LAMA3,-1.4586411868596092,8.330056520093239e-4,down
ENSG00000118276.11,B4GALT6,2.631932178015716,0.0025806018088423152,up
ENSG00000265681.7,RPL17,-0.8177156355189739,1.623584824039448e-5,down
ENSG00000166562.8,SEC11C,-0.5300664333430566,0.024246965945825427,down
ENSG00000167468.16,GPX4,-0.7825319217389174,4.479863385337558e-8,down
ENSG00000115255.10,REEP6,-0.552922398208011,0.048999723968174966,down
ENSG00000127540.11,UQCR11,-0.6938548094789102,8.705769439983398e-4,down
ENSG00000176619.12,LMNB2,0.5160853993126215,0.0031862675534544537,up
ENSG00000141905.17,NFIC,0.5418158558499819,0.0025806018088423152,up
ENSG00000167670.15,CHAF1A,0.6086561907458955,0.023656006959302495,up
ENSG00000276043.4,UHRF1,0.5579575345453119,0.011719296209178394,up
ENSG00000174917.8,C19orf70,-0.6280619282038169,0.010205164888078651,down
ENSG00000196365.11,LONP1,-0.7584014624405558,4.0984479278026665e-4,down
ENSG00000174837.14,ADGRE1,-1.2471755499112398,0.03460634048403496,down
ENSG00000171105.13,INSR,-0.6462515763060586,0.0029905372430761652,down
ENSG00000181029.8,TRAPPC5,-0.5319569014952653,0.007701331260727496,down
ENSG00000267855.5,NDUFA7,-0.5679992660345486,0.1420593988651513,down
ENSG00000167772.11,ANGPTL4,-1.3422834709555387,8.072303938444903e-4,down
ENSG00000090339.8,ICAM1,-0.9569964236346719,0.042137911677207415,down
ENSG00000161888.11,SPC24,0.6886889858499281,4.121215475907305e-5,up
ENSG00000130175.9,PRKCSH,0.5007037415229723,4.584517138946113e-9,up
ENSG00000105612.8,DNASE2,-0.8419768000815532,3.441664772360334e-4,down
ENSG00000179218.13,CALR,0.7764633339346361,4.740642030884215e-19,up
ENSG00000105011.8,ASF1B,0.8319748195699297,9.745591647157015e-6,up
ENSG00000123136.14,DDX39A,0.6710660995027146,1.0758790302349147e-6,up
ENSG00000171903.16,CYP4F11,-0.7147996602099547,0.0824250308966415,down
ENSG00000105058.11,FAM32A,0.550860103287576,2.1898212595016064e-5,up
ENSG00000072958.8,AP1M1,0.6693245795529901,1.537051467310316e-5,up
ENSG00000105393.15,BABAM1,0.5861107532906056,0.012034153578716138,up
ENSG00000105640.12,RPL18A,0.7421291884979193,1.7876709486222498e-6,up
ENSG00000130522.5,JUND,-0.6837231812691648,0.012386412702839895,down
ENSG00000130517.13,PGPEP1,-0.7650268907370841,0.08153208246423495,down
ENSG00000130513.6,GDF15,-2.1977014126206758,6.646707735245602e-32,down
ENSG00000160161.9,CILP2,-0.7148311502831423,0.02754885670542595,down
ENSG00000256771.3,ZNF253,-0.7515020077480276,0.060127766476853875,down
ENSG00000213988.10,ZNF90,0.7794944231880484,0.008623135272652785,up
ENSG00000213967.10,ZNF726,0.7427346299534979,0.04987846638191838,up
ENSG00000124299.13,PEPD,-0.5412341487562143,0.0020792069102437295,down
ENSG00000257074.3,RPL29P33,0.6377268017655501,0.011211214955921096,up
ENSG00000105677.11,TMEM147,-0.5101302337865022,0.002060162065977998,down
ENSG00000075702.16,WDR62,0.5738929772000843,0.04161445489967335,up
ENSG00000186017.14,ZNF566,-0.9430074033261258,0.022438573948274487,down
ENSG00000130244.12,FAM98C,-0.6730252433286684,0.04385678794310199,down
ENSG00000187994.13,RINL,-0.8572723471418036,0.0732969129957567,down
ENSG00000006712.14,PAF1,0.5585141891001968,0.0011081712640703422,up
ENSG00000105204.13,DYRK1B,-0.5173417001124188,0.14553451753550256,down
ENSG00000105202.8,FBL,0.5501497214111783,1.2623082907552734e-6,up
ENSG00000105388.15,CEACAM5,-1.2455606967489476,5.3517189174106515e-14,down
ENSG00000086548.8,CEACAM6,-0.689598430406452,0.027463804634642236,down
ENSG00000105429.12,MEGF8,-0.6267301109601007,0.09424320091807716,down
ENSG00000183668.17,PSG9,0.9056091018762178,0.08542462446231364,up
ENSG00000124466.8,LYPD3,-0.5485996271831615,0.026272163875818374,down
ENSG00000011422.11,PLAUR,-1.3898040190923768,0.0048060823639767295,down
ENSG00000069399.14,BCL3,-0.8692703582798481,0.032904033453157455,down
ENSG00000130203.9,APOE,-1.4450890824812177,7.694040515602916e-4,down
ENSG00000105327.17,BBC3,-1.2032951827356881,0.0011526338116153259,down
ENSG00000105447.12,GRWD1,0.7093160312463881,1.1032383718644383e-4,up
ENSG00000213024.11,NUP62,0.6709809205392804,4.352324104346046e-4,up
ENSG00000204611.6,ZNF616,-0.7311365363681602,0.11283239258993154,down
ENSG00000213020.9,ZNF611,0.6253541367230461,0.014543281782268267,up
ENSG00000241015.2,TPM3P9,0.5430803420303322,0.050601209169407455,up
ENSG00000121413.12,ZSCAN18,1.5458144038652002,3.958634742550035e-7,up
ENSG00000101255.10,TRIB3,-1.099716597886606,6.077281797905378e-9,down
ENSG00000271303.1,SRXN1,-0.5194252556588621,0.1519743429982275,down
ENSG00000125898.12,FAM110A,-0.6442911336304756,0.10029963454339001,down
ENSG00000089012.14,SIRPG,-1.0485704185573927,0.05766286032219471,down
ENSG00000125817.7,CENPB,0.5213479679082234,0.003828401457740737,up
ENSG00000132646.10,PCNA,0.7202906931462917,1.3232886441203779e-5,up
ENSG00000101003.9,GINS1,0.9691162295386042,1.8321856898708254e-11,up
ENSG00000272897.5,RP1-309K20.6,7.3674555382157125,3.747455184479005e-5,up
ENSG00000260032.1,NORAD,-1.292110348110077,3.167254549066958e-8,down
ENSG00000259399.1,TGIF2-C20orf24,0.5567212261817883,0.014240837298775988,up
ENSG00000149636.15,DSN1,0.5545405817498209,0.05915054072177302,up
ENSG00000196756.11,SNHG17,-0.7342446433562814,0.04718403712010354,down
ENSG00000213959.2,RP5-1100H13.3,1.8548189754707307,4.62654188955185e-7,up
ENSG00000101447.14,FAM83D,0.7865673249836515,1.539265376175127e-4,up
ENSG00000101057.15,MYBL2,0.5145096770981494,0.008871362147403274,up
ENSG00000124249.6,KCNK15,-0.934069627676775,0.008594238608745433,down
ENSG00000101448.13,EPPIN,1.4439892923023074,0.014543281782268267,up
ENSG00000175063.16,UBE2C,0.5573838725615193,6.436589739913679e-4,up
ENSG00000064655.18,EYA2,0.6085589780455231,0.03911406079713334,up
ENSG00000124126.13,PREX1,0.5490544182641154,1.9062055732570237e-6,up
ENSG00000177410.12,ZFAS1,-0.7084111866708529,0.018869293706146498,down
ENSG00000172216.5,CEBPB,-1.2516836339302604,1.83668414458785e-6,down
ENSG00000087586.17,AURKA,0.6551533643583101,0.0025450311760929585,up
ENSG00000101144.12,BMP7,0.7443669665100761,1.9364072552511965e-5,up
ENSG00000130702.15,LAMA5,-0.526746402116933,0.029093386865839982,down
ENSG00000125534.9,PPDPF,-0.5248795032033572,0.019362063282720318,down
ENSG00000279094.3,LINC01670,2.1643381324406925,0.007541591162173623,up
ENSG00000275993.2,CH507-42P11.8,-0.7257936888405273,0.015732971649207485,down
ENSG00000277991.4,CH507-338C24.1,3.3810718509633966,0.001458118151328491,up
ENSG00000237945.7,LINC00649,-1.4697653002240647,0.03199097673061548,down
ENSG00000189089.5,RIMKLBP1,8.292600619646603,1.5760599425187486e-6,up
ENSG00000184012.11,TMPRSS2,-0.6034638520893919,0.01810044753596281,down
ENSG00000160179.18,ABCG1,1.030905159554855,4.943953377211005e-5,up
ENSG00000160200.17,CBS,-1.018940122568535,2.4742489086883876e-4,down
ENSG00000160285.14,LSS,-0.5540263496452387,0.005961396969516134,down
ENSG00000093009.9,CDC45,0.6264119850670499,2.2292305201053735e-4,up
ENSG00000099901.16,RANBP1,0.5839874406362832,8.331523955913961e-8,up
ENSG00000240972.1,MIF,-0.7668676737279175,3.094062986529521e-5,down
ENSG00000100219.16,XBP1,-0.5829278626512787,1.105577979156872e-7,down
ENSG00000184076.13,UQCR10,0.5537700531069266,0.0011911317196630156,up
ENSG00000100292.16,HMOX1,-2.0207410832585535,6.123208507761505e-10,down
ENSG00000198125.12,MB,-0.8923276234524209,4.8673627686429623e-4,down
ENSG00000100345.20,MYH9,-0.5382283568428581,3.0140627943798646e-5,down
ENSG00000128283.6,CDC42EP1,-0.6787885884381555,0.0292514504281105,down
ENSG00000179750.15,APOBEC3B,-0.6659990349487379,0.09460096745720022,down
ENSG00000128272.14,ATF4,-1.1134256639270341,3.6325658267246425e-33,down
ENSG00000226085.3,UQCRFS1P1,0.5794271614002126,0.005731438278471016,up
ENSG00000100401.19,RANGAP1,0.6671012687961722,6.196264196874281e-8,up
ENSG00000100418.7,DESI1,-0.6477470734954226,0.09140960680864649,down
ENSG00000270022.3,RNU12,-1.1233317048776033,1.7582259823685522e-4,down
ENSG00000100300.17,TSPO,-0.8342049506918088,0.011211214955921096,down
ENSG00000280011.1,RP4-671O14.7,2.779327096429658,0.05597676902132701,up
ENSG00000186654.20,PRR5,-1.2180486639289823,0.053572494854555834,down
ENSG00000248405.10,PRR5-ARHGAP8,7.273767094825195,5.2966423687530936e-05,up
ENSG00000184164.14,CRELD2,0.5297952777498366,0.02769772538625888,up
ENSG00000182287.13,AP1S2,0.5556858140857891,0.055889307877923455,up
ENSG00000214322.3,CBX1P2,0.5165378827934588,0.015075967582816622,up
ENSG00000173674.10,EIF1AX,0.8861736337935422,3.7125820271024517e-7,up
ENSG00000215284.2,RP11-198M15.1,0.7764055471583673,0.0018077848255613376,up
ENSG00000243279.3,PRAF2,-0.6298182899364072,0.10677551104554395,down
ENSG00000204272.12,NBDY,-1.2562628289772741,0.04194744885477133,down
ENSG00000186767.6,SPIN4,0.5829248939532685,0.015080158302654476,up
ENSG00000228328.2,RP11-516A11.1,0.8966996261889965,3.351576311250772e-9,up
ENSG00000230629.2,RPS23P8,0.724386697240727,0.002881520496224339,up
ENSG00000186871.6,ERCC6L,0.7832373005781683,0.025550132716526376,up
ENSG00000102390.10,PBDC1,0.8360060767020371,1.7926472660503603e-7,up
ENSG00000131174.4,COX7B,-0.6019762762634441,2.8432756428960072e-8,down
ENSG00000228612.2,HK2P1,-0.9186375059374725,0.00550704218330057,down
ENSG00000157514.16,TSC22D3,-1.092260709402523,4.400077996147434e-8,down
ENSG00000268104.2,SLC6A14,1.6253763634466494,0.002212004922137315,up
ENSG00000171004.18,HS6ST2,-0.5482405629483048,0.025842288914041358,down
ENSG00000241489.7,AF011889.5,-3.278827799384435,0.008106982296148544,down
ENSG00000029993.14,HMGB3,0.6868465122538685,1.8938316135587482e-6,up
ENSG00000235961.5,PNMA6A,-1.3449525575405183,0.02327067792157408,down
ENSG00000198753.11,PLXNB3,-0.5123910782437072,0.16198176780403295,down
ENSG00000102032.12,RENBP,-1.524691382962007,0.016037892297498166,down
ENSG00000196924.14,FLNA,-0.7909015871796992,3.9513473055046397e-7,down
ENSG00000130827.6,PLXNA3,-0.6530327529815985,0.03911406079713334,down
ENSG00000160211.15,G6PD,-0.6302130479667309,1.851997876473904e-6,down
ENSG00000229237.2,HMGN1P37,-0.54201991410762,0.14922888467681594,down
ENSG00000198888.2,MT-ND1,-0.8166752407975052,0.0027556031559048434,down
ENSG00000198763.3,MT-ND2,-0.7117936489329635,0.057520293422670156,down
ENSG00000198804.2,MT-CO1,-1.0082774761893403,1.1265698243426995e-5,down
ENSG00000198712.1,MT-CO2,-1.1093834756547392,1.899054954632063e-5,down
ENSG00000198899.2,MT-ATP6,-0.9531404651093573,0.0011542416168599514,down
ENSG00000198938.2,MT-CO3,-0.9603725266474129,1.2097004496528994e-4,down
ENSG00000198840.2,MT-ND3,-1.1951716569415372,0.002726257644340539,down
ENSG00000198886.2,MT-ND4,-0.7586475718030865,0.06196583992695887,down
ENSG00000198786.2,MT-ND5,-1.2293761349104115,2.409388517559211e-8,down
ENSG00000198695.2,MT-ND6,-0.5125501262544254,0.03697555316732514,down
ENSG00000198727.2,MT-CYB,-0.5955187295699278,0.02144718388442577,down
