gene_id,symbol,log2FoldChange_in_KD,padj,direction,log2FoldChange_for_signature
ENSG00000248527.1,MTATP6P1,1.1337003412947637,2.055602054783029e-5,down,-1.1337003412947637
ENSG00000198830.10,HMGN2,-0.563877273598885,0.0023089035120180236,up,0.563877273598885
ENSG00000162517.12,PEF1,0.7417132200498768,0.005807828260287967,down,-0.7417132200498768
ENSG00000184007.18,PTP4A2,-0.9077916475555695,3.0796070311088857e-9,up,0.9077916475555695
ENSG00000049089.13,COL9A2,1.3413898491059315,0.021600817265842967,down,-1.3413898491059315
ENSG00000162415.6,ZSWIM5,0.5006825792535857,0.16050913850826268,down,-0.5006825792535857
ENSG00000177606.6,JUN,0.6192665046308709,0.0019962776696278886,down,-0.6192665046308709
ENSG00000162607.12,USP1,-0.6220132122582706,0.0012227315470204447,up,0.6220132122582706
ENSG00000172380.5,GNG12,-0.6894580314900849,0.0036616294536895725,up,0.6894580314900849
ENSG00000197147.13,LRRC8B,0.8867067183653481,0.013903067810798525,down,-0.8867067183653481
ENSG00000122484.8,RPAP2,-0.514323927164997,0.09810816736001954,up,0.514323927164997
ENSG00000117505.12,DR1,-0.541418985750252,0.025025717382499604,up,0.541418985750252
ENSG00000283761.1,RP4-714D9.5,1.3055510478007264,0.010985201506544239,down,-1.3055510478007264
ENSG00000238118.1,SLC25A24P2,4.495699447401806,0.01295533365291608,down,-4.495699447401806
ENSG00000196505.10,GDAP2,-0.5675147998321058,0.0064822330330347,up,0.5675147998321058
ENSG00000270231.3,NBPF8,-4.838319023721425,0.005533695733418433,up,4.838319023721425
ENSG00000171943.11,SRGAP2C,-1.2841272553376704,0.054958299039614675,up,1.2841272553376704
ENSG00000263513.5,FAM72C,-1.2756543277642385,0.012615973239761295,up,1.2756543277642385
ENSG00000196369.10,SRGAP2B,-1.1032965400969388,1.062216664632903e-9,up,1.1032965400969388
ENSG00000117262.18,GPR89A,-0.6225856754156855,5.438417725614071e-4,up,0.6225856754156855
ENSG00000274020.2,LINC01138,-0.9802081790626369,0.028497884978853583,up,0.9802081790626369
ENSG00000143375.14,CGN,0.5016851234378973,0.0607938033046363,down,-0.5016851234378973
ENSG00000159450.12,TCHH,0.9517475656238532,0.029070429552851804,down,-0.9517475656238532
ENSG00000173171.14,MTX1,0.6370095904843103,9.81116583892748e-4,down,-0.6370095904843103
ENSG00000196189.12,SEMA4A,1.21051669825241,0.02581295784182158,down,-1.21051669825241
ENSG00000143321.18,HDGF,-0.5835481669961462,2.2556215296779908e-7,up,0.5835481669961462
ENSG00000258465.6,RP11-574F21.3,2.776268220379735,6.385587550104573e-5,down,-2.776268220379735
ENSG00000162735.18,PEX19,0.8309664324004887,0.003040197643487224,down,-0.8309664324004887
ENSG00000143162.7,CREG1,0.6249378992852841,0.03288911863979913,down,-0.6249378992852841
ENSG00000223396.2,RP11-134G8.5,2.8261085674933364,1.945165326292639e-4,down,-2.8261085674933364
ENSG00000077157.21,PPP1R12B,-0.6362200051490325,0.07596945119528413,up,0.6362200051490325
ENSG00000234996.4,RP11-480I12.9,1.2817548995525323,0.047496337009794505,down,-1.2817548995525323
ENSG00000069275.12,NUCKS1,-0.5132866863187728,0.0021985742801750403,up,0.5132866863187728
ENSG00000162923.14,WDR26,-0.8067387188957607,8.525141364325626e-6,up,0.8067387188957607
ENSG00000188295.14,ZNF669,0.5010082932597972,0.0607938033046363,down,-0.5010082932597972
ENSG00000134308.13,YWHAQ,-0.6671920362990029,6.536467027120179e-7,up,0.6671920362990029
ENSG00000115758.12,ODC1,-0.8145349751952043,5.726150073901258e-7,up,0.8145349751952043
ENSG00000173960.13,UBXN2A,-0.5137389078186259,0.04698179514303619,up,0.5137389078186259
ENSG00000234072.1,AC074117.10,0.9163273545279802,0.0800467572406872,down,-0.9163273545279802
ENSG00000152518.7,ZFP36L2,0.6798198940272517,9.639844656742819e-6,down,-0.6798198940272517
ENSG00000115306.15,SPTBN1,0.5848040903339422,0.02499767377942309,down,-0.5848040903339422
ENSG00000169604.19,ANTXR1,-0.5730873555812704,0.04298833671408539,up,0.5730873555812704
ENSG00000114978.17,MOB1A,-0.510351649691018,0.00616159297589894,up,0.510351649691018
ENSG00000115274.14,INO80B,0.5271124137711721,0.05121092734957483,down,-0.5271124137711721
ENSG00000239779.6,WBP1,0.5294875332807385,0.09211804255483876,down,-0.5294875332807385
ENSG00000132313.14,MRPL35,0.7947212261030553,1.7039292057169298e-6,down,-0.7947212261030553
ENSG00000168763.15,CNNM3,0.7081942270748273,0.01543573534347466,down,-0.7081942270748273
ENSG00000273045.5,C2orf15,-0.7800645006446494,0.08942864129996629,up,0.7800645006446494
ENSG00000175874.9,CREG2,0.6958538455487354,0.13208008210461342,down,-0.6958538455487354
ENSG00000163083.5,INHBB,-0.5418795937704044,0.00413951066363781,up,0.5418795937704044
ENSG00000173272.15,MZT2A,0.7341222826113394,0.009626147028407857,down,-0.7341222826113394
ENSG00000077232.17,DNAJC10,-0.6534439516937778,0.007228622391433729,up,0.6534439516937778
ENSG00000115524.15,SF3B1,-0.5993219530944752,0.03699895721048588,up,0.5993219530944752
ENSG00000247626.4,MARS2,0.5317801838182014,0.06444378223705577,down,-0.5317801838182014
ENSG00000142327.12,RNPEPL1,0.9257631656099105,0.05860522386729415,down,-0.9257631656099105
ENSG00000168397.16,ATG4B,0.504424722522395,0.005807828260287967,down,-0.504424722522395
ENSG00000144455.13,SUMF1,0.7253594062289778,3.8629785559353114e-5,down,-0.7253594062289778
ENSG00000156990.14,RPUSD3,0.5451592890874051,0.03420431264883693,down,-0.5451592890874051
ENSG00000186162.10,CIDECP,0.8100305935607516,0.008827568931374492,down,-0.8100305935607516
ENSG00000131368.7,MRPS25,-0.5936753461467752,1.3613128347499988e-4,up,0.5936753461467752
ENSG00000154813.9,DPH3,-0.5804865937153787,0.024960057915347483,up,0.5804865937153787
ENSG00000144655.14,CSRNP1,0.5074872755204564,0.1021788399882765,down,-0.5074872755204564
ENSG00000178467.17,P4HTM,0.6537137384844103,0.004024458730691195,down,-0.6537137384844103
ENSG00000114737.15,CISH,0.6246839079949347,0.0994072467752283,down,-0.6246839079949347
ENSG00000162244.10,RPL29,0.644723812428108,0.01663368251963597,down,-0.644723812428108
ENSG00000163684.11,RPP14,-1.5372689027636612,2.660977548982125e-7,up,1.5372689027636612
ENSG00000163378.13,EOGT,-0.565593556059567,0.12410481133806885,up,0.565593556059567
ENSG00000163605.14,PPP4R2,-0.5344429713661061,0.0014912439459032474,up,0.5344429713661061
ENSG00000138459.8,SLC35A5,-0.7443139654127706,0.06696894518322816,up,0.7443139654127706
ENSG00000121579.12,NAA50,-0.6744057916361197,2.3288059377101042e-8,up,0.6744057916361197
ENSG00000082701.14,GSK3B,-0.6052800784037095,6.493507798036348e-4,up,0.6052800784037095
ENSG00000144909.7,OSBPL11,-0.6762757609678686,0.007582976685667117,up,0.6762757609678686
ENSG00000163902.11,RPN1,0.556447654817899,1.1536045511301567e-13,down,-0.556447654817899
ENSG00000004399.12,PLXND1,0.5205614582547744,0.052431572616680175,down,-0.5205614582547744
ENSG00000198585.11,NUDT16,0.629282442838329,0.06544554243945645,down,-0.629282442838329
ENSG00000114126.17,TFDP2,-0.6958892205829151,0.006668346162512492,up,0.6958892205829151
ENSG00000152601.17,MBNL1,-0.5255394975554598,0.0119381712218619,up,0.5255394975554598
ENSG00000173905.8,GOLIM4,-0.5762076980824986,0.022761536009310926,up,0.5762076980824986
ENSG00000172667.10,ZMAT3,-0.5181948712227833,0.029058770552585527,up,0.5181948712227833
ENSG00000145194.17,ECE2,0.5708939535780339,0.0607938033046363,down,-0.5708939535780339
ENSG00000152492.13,CCDC50,-0.5240767122476865,0.010306624686693213,up,0.5240767122476865
ENSG00000133657.14,ATP13A3,-0.8839730640067807,1.2090011365017619e-6,up,0.8839730640067807
ENSG00000242086.8,LINC00969,-0.749000164321114,0.0064822330330347,up,0.749000164321114
ENSG00000013288.8,MAN2B2,0.5667521690685579,0.12247174198894716,down,-0.5667521690685579
ENSG00000118579.12,MED28,0.7126009799458087,0.007212805079404059,down,-0.7126009799458087
ENSG00000163644.14,PPM1K,-0.6239383971173744,0.05499199823964618,up,0.6239383971173744
ENSG00000138814.16,PPP3CA,-0.5985553796000689,0.003637126604362808,up,0.5985553796000689
ENSG00000138686.9,BBS7,-0.5646188539038901,0.10873068301264997,up,0.5646188539038901
ENSG00000248632.1,RP11-366M4.11,-0.7627786757870609,0.12221899172665139,up,0.7627786757870609
ENSG00000062194.15,GPBP1,-0.502591921502175,0.038018621262524976,up,0.502591921502175
ENSG00000145734.18,BDP1,-0.5081382682158252,0.04890866777812177,up,0.5081382682158252
ENSG00000145741.15,BTF3,-0.7743330863489041,1.7913907387982632e-5,up,0.7743330863489041
ENSG00000176055.9,MBLAC2,0.5540200689504144,0.09757573823339874,down,-0.5540200689504144
ENSG00000145725.19,PPIP5K2,-0.7913307400984977,0.003942663441070706,up,0.7913307400984977
ENSG00000164209.16,SLC25A46,-0.6024263405420549,0.01543573534347466,up,0.6024263405420549
ENSG00000151292.17,CSNK1G3,-0.7997086909524643,0.0021848449620157735,up,0.7997086909524643
ENSG00000158985.13,CDC42SE2,-0.6433484371004903,0.005807828260287967,up,0.6433484371004903
ENSG00000177733.6,HNRNPA0,-0.7351618294741443,0.0019962776696278886,up,0.7351618294741443
ENSG00000131508.15,UBE2D2,-0.5753123628883092,0.03420431264883693,up,0.5753123628883092
ENSG00000176087.14,SLC35A4,0.5280339174233537,0.009090404900476507,down,-0.5280339174233537
ENSG00000013561.17,RNF14,-0.6135760629404938,5.588647861678736e-4,up,0.6135760629404938
ENSG00000155508.13,CNOT8,-0.5536892281247353,0.0023391792834530616,up,0.5536892281247353
ENSG00000113328.18,CCNG1,-0.6171217569349587,9.766601738218563e-5,up,0.6171217569349587
ENSG00000120129.5,DUSP1,0.9436595889489607,0.01700388491429569,down,-0.9436595889489607
ENSG00000113734.17,BNIP1,0.5858084652489393,0.0910856311964347,down,-0.5858084652489393
ENSG00000145919.10,BOD1,-0.8738691860982719,5.808451993439235e-7,up,0.8738691860982719
ENSG00000146066.2,HIGD2A,-0.566635733542072,0.013170285626385916,up,0.566635733542072
ENSG00000048140.17,TSPAN17,1.0243164306338135,0.001404391970006928,down,-1.0243164306338135
ENSG00000137267.5,TUBB2A,0.6518497263104166,0.0026007349371757007,down,-0.6518497263104166
ENSG00000111845.4,PAK1IP1,0.6374819139579593,0.0017234648165885373,down,-0.6374819139579593
ENSG00000112304.10,ACOT13,-0.8711063120578969,0.006817451263253781,up,0.8711063120578969
ENSG00000146109.4,ABT1,0.5471907863517738,0.004185325676376628,down,-0.5471907863517738
ENSG00000204592.8,HLA-E,0.5093070618423107,0.006820642849039531,down,-0.5093070618423107
ENSG00000137331.11,IER3,0.7186067760624317,0.031381267239270635,down,-0.7186067760624317
ENSG00000137193.13,PIM1,0.8508815179561555,1.7499892673456641e-7,down,-0.8508815179561555
ENSG00000001084.10,GCLC,-0.5605631940134932,0.003040197643487224,up,0.5605631940134932
ENSG00000203875.10,SNHG5,-1.0600531791396817,1.3613128347499988e-4,up,1.0600531791396817
ENSG00000112159.11,MDN1,0.5171834937114099,0.006820642849039531,down,-0.5171834937114099
ENSG00000272398.5,CD24,0.5103736287163054,0.006703184302886403,down,-0.5103736287163054
ENSG00000112290.12,WASF1,-0.5174372379575554,0.039323612960519456,up,0.5174372379575554
ENSG00000123505.15,AMD1,-0.6439752184986776,4.447714198025289e-4,up,0.6439752184986776
ENSG00000135549.14,PKIB,-0.555320687634004,0.012481307748079557,up,0.555320687634004
ENSG00000028839.9,TBPL1,-0.8968087178288329,0.012484749743869343,up,0.8968087178288329
ENSG00000235652.7,RP11-545I5.3,1.331695949308741,0.06796121277927412,down,-1.331695949308741
ENSG00000112531.16,QKI,-0.5581023372447204,0.007636171278914644,up,0.5581023372447204
ENSG00000106012.17,IQCE,1.0313056200682067,0.0017234648165885373,down,-1.0313056200682067
ENSG00000136197.12,C7orf25,-2.6865146650998826,0.09200405333515121,up,2.6865146650998826
ENSG00000062582.13,MRPS24,0.5367892245123184,0.021805413070031116,down,-0.5367892245123184
ENSG00000106636.7,YKT6,-0.5959490819469951,7.465036828179067e-5,up,0.5959490819469951
ENSG00000234585.6,CCT6P3,7.023689803407139,4.21437686345345e-5,down,-7.023689803407139
ENSG00000228409.6,CCT6P1,-1.3305502477954614,0.10166390172833907,up,1.3305502477954614
ENSG00000229180.6,GS1-124K5.12,-1.2081978687316495,2.0140587965886696e-6,up,1.2081978687316495
ENSG00000176410.7,DNAJC30,0.7323192259545416,0.006640762788944333,down,-0.7323192259545416
ENSG00000146707.14,POMZP3,0.7033133257536534,0.05860522386729415,down,-0.7033133257536534
ENSG00000001629.9,ANKIB1,-0.5258940324545518,0.004543986044359019,up,0.5258940324545518
ENSG00000004948.13,CALCR,-0.8728835124042676,0.05133996597704769,up,0.8728835124042676
ENSG00000105825.11,TFPI2,-0.5953517263036502,0.09842480734887792,up,0.5953517263036502
ENSG00000160917.14,CPSF4,-0.5467682255107466,9.060270321287138e-4,up,0.5467682255107466
ENSG00000106258.13,CYP3A5,-1.0638862963118716,0.13908092200819308,up,1.0638862963118716
ENSG00000105865.10,DUS4L,-0.9870375498146604,3.796879372697109e-5,up,0.9870375498146604
ENSG00000105887.10,MTPN,-0.5231606568164232,0.0022459555293777743,up,0.5231606568164232
ENSG00000105993.14,DNAJB6,-0.79633580595987,6.512730321330454e-9,up,0.79633580595987
ENSG00000197265.8,GTF2E2,-0.7524801391106383,3.127755912787073e-4,up,0.7524801391106383
ENSG00000104695.12,PPP2CB,-0.8014546984575582,1.7309681373759103e-4,up,0.8014546984575582
ENSG00000147548.16,NSD3,-0.5827279202284167,0.002185458765629501,up,0.5827279202284167
ENSG00000147533.16,GOLGA7,-0.5364136507679296,0.01179667255825308,up,0.5364136507679296
ENSG00000023287.12,RB1CC1,-1.0698273449717584,1.1176970832980136e-7,up,1.0698273449717584
ENSG00000187735.13,TCEA1,-0.5821678376316489,0.0023510783036288876,up,0.5821678376316489
ENSG00000245910.8,SNHG6,0.9148933924261975,0.035949375592784154,down,-0.9148933924261975
ENSG00000253738.1,OTUD6B-AS1,-0.5380322525635522,0.07930583714241222,up,0.5380322525635522
ENSG00000156482.10,RPL30,-0.7755543417782031,0.005807828260287967,up,0.7755543417782031
ENSG00000120963.11,ZNF706,-0.5930284719568027,0.06511386084881955,up,0.5930284719568027
ENSG00000104408.9,EIF3E,1.2326306682102393,0.0607938033046363,down,-1.2326306682102393
ENSG00000136986.9,DERL1,-0.5201878213248425,2.2672105830838336e-4,up,0.5201878213248425
ENSG00000107341.4,UBE2R2,-0.5893708228534522,5.959348404451803e-4,up,0.5893708228534522
ENSG00000165282.13,PIGO,0.5044812320277899,0.010378039677202884,down,-0.5044812320277899
ENSG00000156052.10,GNAQ,-0.5350313725240208,0.03288911863979913,up,0.5350313725240208
ENSG00000135070.14,ISCA1,-0.5023640813667877,0.009100659026552854,up,0.5023640813667877
ENSG00000148120.16,C9orf3,0.6759188913878762,0.0034736948706561833,down,-0.6759188913878762
ENSG00000196312.12,MFSD14C,1.09278468372954,0.0263025101055865,down,-1.09278468372954
ENSG00000251349.3,MSANTD3-TMEFF1,-0.5107467765062871,0.15682837163070312,up,0.5107467765062871
ENSG00000119314.15,PTBP3,-0.5583556095727247,0.0018413377902826457,up,0.5583556095727247
ENSG00000176386.8,CDC26,-0.5354322989365239,0.08967380495191685,up,0.5354322989365239
ENSG00000165209.18,STRBP,-0.5331883403658161,9.936027410496165e-4,up,0.5331883403658161
ENSG00000167123.18,CERCAM,0.7855702326115561,8.801173841965539e-4,down,-0.7855702326115561
ENSG00000197694.15,SPTAN1,0.5747472681819722,0.0034736948706561833,down,-0.5747472681819722
ENSG00000119335.16,SET,-0.6966286024937572,1.7913907387982632e-5,up,0.6966286024937572
ENSG00000167130.17,DOLPP1,0.6199337605565485,0.02679030056956352,down,-0.6199337605565485
ENSG00000160563.13,MED27,0.5953569641393972,4.029805931726298e-4,down,-0.5953569641393972
ENSG00000165698.15,SPACA9,0.7356184507366063,0.11930460837760865,down,-0.7356184507366063
ENSG00000196205.8,EEF1A1P5,-1.2182840917319913,0.05345242309078051,up,1.2182840917319913
ENSG00000176978.13,DPP7,0.6813711476217091,0.03161755337032751,down,-0.6813711476217091
ENSG00000165802.21,NSMF,0.7025201940912207,0.05953210848534076,down,-0.7025201940912207
ENSG00000196372.12,ASB13,0.5823309262154435,0.02870955757344838,down,-0.5823309262154435
ENSG00000176244.6,ACBD7,-1.0230625346946398,0.028447804345471506,up,1.0230625346946398
ENSG00000095787.21,WAC,-1.048495643622735,9.0468758549561e-11,up,1.048495643622735
ENSG00000204174.7,NPY4R,-1.0236101803910052,0.024960057915347483,up,1.0236101803910052
ENSG00000165449.11,SLC16A9,-0.5530376452973189,0.08828398288839003,up,0.5530376452973189
ENSG00000099284.13,H2AFY2,-0.6660489350888475,2.488426685731349e-4,up,0.6660489350888475
ENSG00000148730.6,EIF4EBP2,-0.8694385786129131,0.0012582257268081217,up,0.8694385786129131
ENSG00000198246.7,SLC29A3,0.5387428174781308,0.05121092734957483,down,-0.5387428174781308
ENSG00000182180.13,MRPS16,-0.5218582735720776,0.017137942578350072,up,0.5218582735720776
ENSG00000244733.5,RP11-506M13.3,-5.02085817508015,0.011236749602627365,up,5.02085817508015
ENSG00000223482.7,NUTM2A-AS1,-0.6663937258796211,0.05510989096470081,up,0.6663937258796211
ENSG00000107789.15,MINPP1,0.5448179238982497,0.06147634136596203,down,-0.5448179238982497
ENSG00000119977.20,TCTN3,0.8858841324002985,1.013033988894208e-4,down,-0.8858841324002985
ENSG00000023041.11,ZDHHC6,-0.6305594800422842,0.019060861995171603,up,0.6305594800422842
ENSG00000107679.14,PLEKHA1,-0.6756117689684179,0.03502895557185773,up,0.6756117689684179
ENSG00000175029.16,CTBP2,-0.6181376526616312,2.50328815532501e-5,up,0.6181376526616312
ENSG00000177030.16,DEAF1,0.566324891882943,0.07199524114173377,down,-0.566324891882943
ENSG00000177600.8,RPLP2,-0.8832087673212385,0.005657512413269739,up,0.8832087673212385
ENSG00000233930.3,KRTAP5-AS1,1.0546561478386411,0.04959385683787797,down,-1.0546561478386411
ENSG00000167244.18,IGF2,1.174825244927994,0.025695990414857612,down,-1.174825244927994
ENSG00000166337.9,TAF10,0.6413634655968142,0.02005962767216207,down,-0.6413634655968142
ENSG00000184014.7,DENND5A,1.0229973517020343,0.002185458765629501,down,-1.0229973517020343
ENSG00000187079.16,TEAD1,-1.0248894024439297,7.829713092266015e-5,up,1.0248894024439297
ENSG00000074319.12,TSG101,-0.6251502488059524,3.795011399364468e-6,up,0.6251502488059524
ENSG00000183161.4,FANCF,0.5051893776853217,0.09691002035754318,down,-0.5051893776853217
ENSG00000166326.6,TRIM44,-0.7606966266913806,2.898923447549956e-5,up,0.7606966266913806
ENSG00000166199.12,ALKBH3,-0.6862437497900477,0.06415279753925988,up,0.6862437497900477
ENSG00000134809.8,TIMM10,-0.6093307995309097,0.019816101022093743,up,0.6093307995309097
ENSG00000156603.15,MED19,0.5128674956329846,0.08878460024497496,down,-0.5128674956329846
ENSG00000124942.13,AHNAK,0.7728256501690669,5.696632986094565e-5,down,-0.7728256501690669
ENSG00000149541.9,B3GAT3,0.5379271185838372,0.1431874440252802,down,-0.5379271185838372
ENSG00000089597.16,GANAB,0.5015345483379213,2.488426685731349e-4,down,-0.5015345483379213
ENSG00000168569.7,TMEM223,0.6295783423401595,0.025527125022193408,down,-0.6295783423401595
ENSG00000185475.10,TMEM179B,0.7577057898085231,0.0034736948706561833,down,-0.7577057898085231
ENSG00000167770.11,OTUB1,0.5261909904813467,0.019060861995171603,down,-0.5261909904813467
ENSG00000173511.9,VEGFB,1.4278319963141919,0.011236749602627365,down,-1.4278319963141919
ENSG00000175334.7,BANF1,-0.6134559242911185,0.004222458830670135,up,0.6134559242911185
ENSG00000173653.7,RCE1,0.6886479763941612,0.021087967276683706,down,-0.6886479763941612
ENSG00000167799.9,NUDT8,0.5015957783191484,0.16368817545172504,down,-0.5015957783191484
ENSG00000279742.1,RP11-700A24.1,1.7852776839157982,0.03474519172711483,down,-1.7852776839157982
ENSG00000149196.15,HIKESHI,-0.663911870740454,0.017271418627833362,up,0.663911870740454
ENSG00000152558.14,TMEM123,-0.6978705616219768,0.003580069427939276,up,0.6978705616219768
ENSG00000167257.10,RNF214,0.501212739760136,0.06717690988299815,down,-0.501212739760136
ENSG00000188486.3,H2AFX,0.5211738440033438,0.015159331151251286,down,-0.5211738440033438
ENSG00000110013.12,SIAE,0.52022521403696,0.027164262808193687,down,-0.52022521403696
ENSG00000060237.16,WNK1,-0.5649991359631312,0.0019962776696278886,up,0.5649991359631312
ENSG00000126749.14,EMG1,0.5113271090957053,0.009063738436095528,down,-0.5113271090957053
ENSG00000166532.15,RIMKLB,-0.6112189325273112,0.0434008721860808,up,0.6112189325273112
ENSG00000111261.13,MANSC1,-0.5789074657683455,0.14591568714515682,up,0.5789074657683455
ENSG00000133704.9,IPO8,-0.5308103198243979,0.018345570617888805,up,0.5308103198243979
ENSG00000197111.15,PCBP2,-1.0422621931699025,7.560662098476426e-31,up,1.0422621931699025
ENSG00000094916.15,CBX5,-0.5190963847742593,0.0017151914440015723,up,0.5190963847742593
ENSG00000135452.9,TSPAN31,-0.5593109356770483,0.09810816736001954,up,0.5593109356770483
ENSG00000080371.5,RAB21,-0.6636104930234428,6.743301097083981e-5,up,0.6636104930234428
ENSG00000091039.16,OSBPL8,-0.5579591604542209,0.0014912439459032474,up,0.5579591604542209
ENSG00000120868.13,APAF1,-0.6312971969457238,0.1287160406958834,up,0.6312971969457238
ENSG00000111785.19,RIC8B,0.9336384301720897,0.01638475407464013,down,-0.9336384301720897
ENSG00000139428.11,MMAB,0.5465261646588246,0.003609541636331944,down,-0.5465261646588246
ENSG00000186298.11,PPP1CC,-0.8892009632886737,4.575447450743573e-12,up,0.8892009632886737
ENSG00000179295.17,PTPN11,-0.5978659298838948,0.0012395925823463412,up,0.5978659298838948
ENSG00000123066.7,MED13L,-0.7487433808066323,1.53421046135227e-4,up,0.7487433808066323
ENSG00000135090.13,TAOK3,-0.5464266595215533,0.019360127521898685,up,0.5464266595215533
ENSG00000240342.3,RPS2P5,0.5967550922281165,0.05953210848534076,down,-0.5967550922281165
ENSG00000213144.2,RP11-64B16.2,-1.3498845972150841,0.003922701470159426,up,1.3498845972150841
ENSG00000088986.10,DYNLL1,-0.7137998218842819,0.001129924826757567,up,0.7137998218842819
ENSG00000185163.9,DDX51,0.5893031764030944,0.07817127733763066,down,-0.5893031764030944
ENSG00000133121.20,STARD13,-0.7886603994899541,0.1144628398538609,up,0.7886603994899541
ENSG00000133112.16,TPT1,-0.6316131730074919,8.896747207452753e-5,up,0.6316131730074919
ENSG00000183098.10,GPC6,-0.528949362565366,0.009760184563774086,up,0.528949362565366
ENSG00000134899.18,ERCC5,-1.9495500327278135,0.05953210848534076,up,1.9495500327278135
ENSG00000165792.17,METTL17,0.5742431340922994,0.0026597947305265837,down,-0.5742431340922994
ENSG00000100445.17,SDR39U1,0.69248838893343,0.009626147028407857,down,-0.69248838893343
ENSG00000185246.17,PRPF39,-0.9618085635719327,0.06051524798545526,up,0.9618085635719327
ENSG00000198252.11,STYX,-0.7772040122419038,2.8369068906256496e-5,up,0.7772040122419038
ENSG00000100614.17,PPM1A,-0.5373105861594104,0.004001789462183371,up,0.5373105861594104
ENSG00000154001.13,PPP2R5E,-0.6865554111749682,6.359364250969986e-8,up,0.6865554111749682
ENSG00000170348.8,TMED10,0.5900804001554798,3.336616056042636e-8,down,-0.5900804001554798
ENSG00000133935.6,C14orf1,-0.6315412400227634,0.012752365013888841,up,0.6315412400227634
ENSG00000198668.10,CALM1,-0.5454701110452004,0.009063738436095528,up,0.5454701110452004
ENSG00000197102.10,DYNC1H1,0.8750817552835861,3.310238760204699e-5,down,-0.8750817552835861
ENSG00000100865.14,CINP,0.8540512041172332,2.4156806037611408e-4,down,-0.8540512041172332
ENSG00000075413.17,MARK3,-0.5237047497893739,0.0064822330330347,up,0.5237047497893739
ENSG00000184916.8,JAG2,-0.5747424008309173,0.0881464839623357,up,0.5747424008309173
ENSG00000247556.6,OIP5-AS1,0.6701931192966506,0.0026007349371757007,down,-0.6701931192966506
ENSG00000180304.14,OAZ2,-0.5929779770652553,0.056633852288352424,up,0.5929779770652553
ENSG00000137817.16,PARP6,0.656621581250278,0.10150384173991567,down,-0.656621581250278
ENSG00000166233.14,ARIH1,-0.555538009412547,2.2644624392247002e-4,up,0.555538009412547
ENSG00000167173.18,C15orf39,0.5494436828748617,0.05121092734957483,down,-0.5494436828748617
ENSG00000237550.5,RPL9P9,-0.952293143120985,0.12266984608926552,up,0.952293143120985
ENSG00000181991.15,MRPS11,0.817389051412846,9.779937203173103e-7,down,-0.817389051412846
ENSG00000250021.7,C15orf38-AP3S2,-0.9817190796675171,0.01602010557289628,up,0.9817190796675171
ENSG00000161999.11,JMJD8,0.5696208023310625,0.08285540360440256,down,-0.5696208023310625
ENSG00000196557.12,CACNA1H,-0.5109131470296061,0.12794777568531998,up,0.5109131470296061
ENSG00000140988.15,RPS2,0.5682118855733136,0.005657512413269739,down,-0.5682118855733136
ENSG00000167969.12,ECI1,0.7368237746565828,0.0033926784875720557,down,-0.7368237746565828
ENSG00000005339.14,CREBBP,-0.7167418999383363,3.3575079148821547e-5,up,0.7167418999383363
ENSG00000118894.14,EEF2KMT,0.535205301407936,0.0032388438333534335,down,-0.535205301407936
ENSG00000175643.8,RMI2,0.7444220180422885,0.008600866971652599,down,-0.7444220180422885
ENSG00000250251.6,PKD1P6,-3.467888899455522,0.02895712831695402,up,3.467888899455522
ENSG00000260342.2,RP11-1035H13.3,1.5171172652982572,0.20689220412193324,down,-1.5171172652982572
ENSG00000196502.11,SULT1A1,-0.6250787038612361,0.05953210848534076,up,0.6250787038612361
ENSG00000169203.16,NPIPB12,-2.702143267015491,0.09248240536387489,up,2.702143267015491
ENSG00000103485.17,QPRT,0.5298263388153677,0.028447804345471506,down,-0.5298263388153677
ENSG00000102882.11,MAPK3,0.6323815908925975,6.743301097083981e-5,down,-0.6323815908925975
ENSG00000282034.1,RP11-2C24.9,1.7911213589293515,4.029805931726298e-4,down,-1.7911213589293515
ENSG00000103496.14,STX4,-0.521539840245265,0.03923898667890056,up,0.521539840245265
ENSG00000083799.17,CYLD,-0.9695299372149588,0.011151808584506252,up,0.9695299372149588
ENSG00000070770.8,CSNK2A2,-0.5425157110484142,0.005971185138276971,up,0.5425157110484142
ENSG00000125107.17,CNOT1,-0.7056753915099788,1.3186003888839968e-7,up,0.7056753915099788
ENSG00000261519.3,RP11-403P17.4,2.2985612156740176,0.12246070565298729,down,-2.2985612156740176
ENSG00000255185.5,PDXDC2P,-1.459383980721629,1.0154328726056348e-4,up,1.459383980721629
ENSG00000140830.8,TXNL4B,-0.5141954927420206,0.07889066142255492,up,0.5141954927420206
ENSG00000261373.1,VPS9D1-AS1,0.5093675253509854,0.01843009918449783,down,-0.5093675253509854
ENSG00000236618.2,PITPNA-AS1,-0.592661445690276,0.13459562093272015,up,0.592661445690276
ENSG00000262664.2,OVCA2,0.6717996524528549,0.02449582076212501,down,-0.6717996524528549
ENSG00000007168.12,PAFAH1B1,-0.6296143318218784,2.3941905207790304e-4,up,0.6296143318218784
ENSG00000187607.15,ZNF286A,-0.9468127710373048,1.9722949691554223e-4,up,0.9468127710373048
ENSG00000255104.8,AC005324.8,2.237306214783329,0.03302204483764193,down,-2.237306214783329
ENSG00000179277.9,MEIS3P1,-1.6961771573869324,0.13658183532413293,up,1.6961771573869324
ENSG00000087095.12,NLK,-0.7364648280839319,0.052113684144504006,up,0.7364648280839319
ENSG00000109083.13,IFT20,-0.6942011881688323,0.05953210848534076,up,0.6942011881688323
ENSG00000132591.11,ERAL1,0.6016948677928649,0.003021863434900305,down,-0.6016948677928649
ENSG00000160551.11,TAOK1,-0.6811577660746868,9.53660207388266e-4,up,0.6811577660746868
ENSG00000108784.9,NAGLU,0.6364005539635248,0.04561353742593025,down,-0.6364005539635248
ENSG00000131475.6,VPS25,0.6770145557346777,3.127755912787073e-4,down,-0.6770145557346777
ENSG00000264364.2,DYNLL2,-0.8700002871839129,0.003580069427939276,up,0.8700002871839129
ENSG00000266820.1,KPNA2P3,-3.1599043829462183,0.00614283562560679,up,3.1599043829462183
ENSG00000154217.14,PITPNC1,-0.6924363850155977,0.004543986044359019,up,0.6924363850155977
ENSG00000172809.12,RPL38,-0.7420275019479197,0.02956711664221947,up,0.7420275019479197
ENSG00000167862.9,MRPL58,0.5802229446357496,0.0016317253927024369,down,-0.5802229446357496
ENSG00000108479.11,GALK1,0.5613728902069169,0.09691002035754318,down,-0.5613728902069169
ENSG00000204316.12,MRPL38,0.5124554231253073,0.016077103791593578,down,-0.5124554231253073
ENSG00000169738.7,DCXR,0.9868328025196025,2.6873716453799223e-7,down,-0.9868328025196025
ENSG00000177150.12,FAM210A,-0.5660099827216197,0.0068419661820383485,up,0.5660099827216197
ENSG00000101752.11,MIB1,-0.9139318935956241,2.279152642455371e-5,up,0.9139318935956241
ENSG00000134779.14,TPGS2,0.6339948110706377,0.030377706687027273,down,-0.6339948110706377
ENSG00000101665.8,SMAD7,0.6199170433856248,0.1436012368829357,down,-0.6199170433856248
ENSG00000141646.13,SMAD4,-0.5121538056206063,0.02095831978605184,up,0.5121538056206063
ENSG00000133243.8,BTBD2,0.5727881021463149,0.07243931336066696,down,-0.5727881021463149
ENSG00000167772.11,ANGPTL4,0.5792801562555779,0.13351617584256384,down,-0.5792801562555779
ENSG00000198356.11,ASNA1,0.5932683571131506,4.06838708478379e-6,down,-0.5932683571131506
ENSG00000179218.13,CALR,-0.6556739105347353,1.1760013035100706e-4,up,0.6556739105347353
ENSG00000072062.13,PRKACA,-0.5103853905622965,8.351944670048356e-4,up,0.5103853905622965
ENSG00000072071.16,ADGRL1,-0.5631439474128415,0.08686654940960052,up,0.5631439474128415
ENSG00000130312.6,MRPL34,0.5844672295594123,0.04698179514303619,down,-0.5844672295594123
ENSG00000130513.6,GDF15,0.8040104176192779,1.7913907387982632e-5,down,-0.8040104176192779
ENSG00000064490.13,RFXANK,-0.5841233390407882,0.009964497981820447,up,0.5841233390407882
ENSG00000258674.5,CTC-260F20.3,1.8541612333209878,0.005901113750165736,down,-1.8541612333209878
ENSG00000213988.10,ZNF90,-0.654969348288562,0.15477944558686701,up,0.654969348288562
ENSG00000197020.10,ZNF100,-0.5727931443298155,0.05953210848534076,up,0.5727931443298155
ENSG00000105171.9,POP4,0.5531784422412919,0.0018413377902826457,down,-0.5531784422412919
ENSG00000153879.8,CEBPG,-0.5169183240042956,0.019174261279803984,up,0.5169183240042956
ENSG00000186017.14,ZNF566,0.9925246419922653,0.009760184563774086,down,-0.9925246419922653
ENSG00000104823.8,ECH1,0.5962966971870889,0.0014912439459032474,down,-0.5962966971870889
ENSG00000269858.5,EGLN2,1.030944206091282,0.006848647869212408,down,-1.030944206091282
ENSG00000268643.1,AC006486.9,-5.802421571069101,0.0011693705903572005,up,5.802421571069101
ENSG00000007255.10,TRAPPC6A,0.511299545769751,0.13208008210461342,down,-0.511299545769751
ENSG00000177051.5,FBXO46,0.7693874358520393,0.054958299039614675,down,-0.7693874358520393
ENSG00000130748.6,TMEM160,1.1935745367274273,0.004382171199005437,down,-1.1935745367274273
ENSG00000182324.6,KCNJ14,-4.897513749735304,0.012544777420620682,up,4.897513749735304
ENSG00000105552.14,BCAT2,0.640480222094875,0.007596128844241621,down,-0.640480222094875
ENSG00000087074.7,PPP1R15A,0.6107681613474115,0.12150120731111615,down,-0.6107681613474115
ENSG00000169136.10,ATF5,0.7051688779305267,0.02525618805697468,down,-0.7051688779305267
ENSG00000167747.13,C19orf48,1.0465344403441579,1.932748193019513e-7,down,-1.0465344403441579
ENSG00000241015.2,TPM3P9,-0.6299963926481159,0.06775564289786011,up,0.6299963926481159
ENSG00000125901.5,MRPS26,0.5286352824293228,0.014223853595726175,down,-0.5286352824293228
ENSG00000260032.1,NORAD,1.7633033580329758,1.034515696386528e-6,down,-1.7633033580329758
ENSG00000124214.19,STAU1,-0.6826420526768409,5.808451993439235e-7,up,0.6826420526768409
ENSG00000269103.2,Metazoa_SRP,12.175341842065366,2.4343814947720967e-4,down,-12.175341842065366
ENSG00000240849.10,TMEM189,0.8016402627139115,0.006479571755050232,down,-0.8016402627139115
ENSG00000278903.3,CH507-145C22.1,1.7264619003161508,0.054958299039614675,down,-1.7264619003161508
ENSG00000280018.3,CH507-154B10.2,-2.068393928725741,0.008470981200187673,up,2.068393928725741
ENSG00000154727.10,GABPA,-0.5906442535247365,0.06826181355644635,up,0.5906442535247365
ENSG00000183421.11,RIPK4,0.5221157752922223,0.05953210848534076,down,-0.5221157752922223
ENSG00000160223.16,ICOSLG,-0.5066836006335457,0.07607761691478875,up,0.5066836006335457
ENSG00000242259.8,C22orf39,-0.5842642531003122,0.019360127521898685,up,0.5842642531003122
ENSG00000099901.16,RANBP1,-0.6099763333454045,1.0154328726056348e-4,up,0.6099763333454045
ENSG00000099942.12,CRKL,-0.5809987094050731,2.2672105830838336e-4,up,0.5809987094050731
ENSG00000169635.9,HIC2,1.383348573374423,0.019060861995171603,down,-1.383348573374423
ENSG00000161179.13,YDJC,0.514902573554603,0.09990432348168285,down,-0.514902573554603
ENSG00000100219.16,XBP1,0.6536163706957603,6.493386455001788e-7,down,-0.6536163706957603
ENSG00000133422.12,MORC2,-0.5104789516982059,0.021087967276683706,up,0.5104789516982059
ENSG00000241360.1,PDXP,-1.4214247148309223,0.0673941750161161,up,1.4214247148309223
ENSG00000283900.1,RP1-5O6.7,7.3142628602940825,0.034063548319531955,down,-7.3142628602940825
ENSG00000128272.14,ATF4,-1.067049019849735,1.639855356324926e-27,up,1.067049019849735
ENSG00000226085.3,UQCRFS1P1,0.7677295838088586,0.07745185656520494,down,-0.7677295838088586
ENSG00000073150.13,PANX2,1.8756684084392967,0.013903067810798525,down,-1.8756684084392967
ENSG00000002586.18,CD99,-0.5476712867008792,0.009063738436095528,up,0.5476712867008792
ENSG00000101849.15,TBL1X,-0.6470036484123911,1.984241846833931e-5,up,0.6470036484123911
ENSG00000147010.17,SH3KBP1,-0.5881943911131421,0.038375937760886714,up,0.5881943911131421
ENSG00000147041.11,SYTL5,-0.5896402882988979,6.926346868164767e-4,up,0.5896402882988979
ENSG00000147155.10,EBP,-0.7582563191099669,0.002385254134873927,up,0.7582563191099669
ENSG00000126768.12,TIMM17B,0.5012870451415271,0.008048679085210205,down,-0.5012870451415271
ENSG00000147144.12,CCDC120,0.7345735156556475,0.02427558447116815,down,-0.7345735156556475
ENSG00000083750.12,RRAGB,-0.5995964856147719,0.11397459762171665,up,0.5995964856147719
ENSG00000076770.14,MBNL3,-0.6065412168567103,0.014838700895193704,up,0.6065412168567103
ENSG00000101928.12,MOSPD1,-0.7622149478339486,0.009429388385925351,up,0.7622149478339486
ENSG00000228836.8,CT45A5,-4.738077043574578,0.017946882033976784,up,4.738077043574578
ENSG00000198804.2,MT-CO1,0.8948066840379272,3.3575079148821547e-5,down,-0.8948066840379272
ENSG00000198712.1,MT-CO2,0.9577622698544821,6.502816984691807e-5,down,-0.9577622698544821
ENSG00000198899.2,MT-ATP6,0.6567762473321946,0.026861285934696905,down,-0.6567762473321946
ENSG00000198938.2,MT-CO3,0.8778721275678203,8.351944670048356e-4,down,-0.8778721275678203
ENSG00000198786.2,MT-ND5,0.7353978283813515,0.003909040936866533,down,-0.7353978283813515
ENSG00000198727.2,MT-CYB,0.6225130008670152,0.029456573397426213,down,-0.6225130008670152
